dataset_label,identity_name,target_class,clean_pred_class,target_confidence,source_image_path,adversarial_image_path
0,"""Samantha_Ruth_Prabhu""",520,7185,0.030463356524705887,dataset/clean_cropped/NN1/000_n007726_Samantha_Ruth_Prabhu/0000.jpg,dataset/attacks/NN1/error_specific/pgd/random/eps_0_010/000_n007726_Samantha_Ruth_Prabhu/0000.jpg
0,"""Samantha_Ruth_Prabhu""",848,7185,0.000878098071552813,dataset/clean_cropped/NN1/000_n007726_Samantha_Ruth_Prabhu/0006.jpg,dataset/attacks/NN1/error_specific/pgd/random/eps_0_010/000_n007726_Samantha_Ruth_Prabhu/0006.jpg
0,"""Samantha_Ruth_Prabhu""",2171,7185,0.0018951999954879284,dataset/clean_cropped/NN1/000_n007726_Samantha_Ruth_Prabhu/0009.jpg,dataset/attacks/NN1/error_specific/pgd/random/eps_0_010/000_n007726_Samantha_Ruth_Prabhu/0009.jpg
1,"""Felix_Neureuther""",4513,2585,0.007764534559100866,dataset/clean_cropped/NN1/001_n002771_Felix_Neureuther/0000.jpg,dataset/attacks/NN1/error_specific/pgd/random/eps_0_010/001_n002771_Felix_Neureuther/0000.jpg
1,"""Felix_Neureuther""",4306,2585,0.002752726199105382,dataset/clean_cropped/NN1/001_n002771_Felix_Neureuther/0002.jpg,dataset/attacks/NN1/error_specific/pgd/random/eps_0_010/001_n002771_Felix_Neureuther/0002.jpg
1,"""Felix_Neureuther""",3439,2585,0.023366419598460197,dataset/clean_cropped/NN1/001_n002771_Felix_Neureuther/0003.jpg,dataset/attacks/NN1/error_specific/pgd/random/eps_0_010/001_n002771_Felix_Neureuther/0003.jpg
1,"""Felix_Neureuther""",7493,2585,0.0008045077556744218,dataset/clean_cropped/NN1/001_n002771_Felix_Neureuther/0006.jpg,dataset/attacks/NN1/error_specific/pgd/random/eps_0_010/001_n002771_Felix_Neureuther/0006.jpg
1,"""Felix_Neureuther""",1066,2585,0.021321961656212807,dataset/clean_cropped/NN1/001_n002771_Felix_Neureuther/0008.jpg,dataset/attacks/NN1/error_specific/pgd/random/eps_0_010/001_n002771_Felix_Neureuther/0008.jpg
2,"""Mike_Posner""",2345,5658,0.020501716062426567,dataset/clean_cropped/NN1/002_n006115_Mike_Posner/0002.jpg,dataset/attacks/NN1/error_specific/pgd/random/eps_0_010/002_n006115_Mike_Posner/0002.jpg
3,"""Philip_Michael_Thomas""",2842,6487,0.013728081248700619,dataset/clean_cropped/NN1/003_n006980_Philip_Michael_Thomas/0000.jpg,dataset/attacks/NN1/error_specific/pgd/random/eps_0_010/003_n006980_Philip_Michael_Thomas/0000.jpg
3,"""Philip_Michael_Thomas""",7004,6487,0.006730204448103905,dataset/clean_cropped/NN1/003_n006980_Philip_Michael_Thomas/0003.jpg,dataset/attacks/NN1/error_specific/pgd/random/eps_0_010/003_n006980_Philip_Michael_Thomas/0003.jpg
3,"""Philip_Michael_Thomas""",7829,6487,0.00040329372859559953,dataset/clean_cropped/NN1/003_n006980_Philip_Michael_Thomas/0004.jpg,dataset/attacks/NN1/error_specific/pgd/random/eps_0_010/003_n006980_Philip_Michael_Thomas/0004.jpg
3,"""Philip_Michael_Thomas""",4065,6487,0.0013225543079897761,dataset/clean_cropped/NN1/003_n006980_Philip_Michael_Thomas/0009.jpg,dataset/attacks/NN1/error_specific/pgd/random/eps_0_010/003_n006980_Philip_Michael_Thomas/0009.jpg
4,"""Drake""",5442,2148,0.005096860695630312,dataset/clean_cropped/NN1/004_n002295_Drake/0000.jpg,dataset/attacks/NN1/error_specific/pgd/random/eps_0_010/004_n002295_Drake/0000.jpg
4,"""Drake""",1440,2148,0.045943859964609146,dataset/clean_cropped/NN1/004_n002295_Drake/0002.jpg,dataset/attacks/NN1/error_specific/pgd/random/eps_0_010/004_n002295_Drake/0002.jpg
4,"""Drake""",7402,2148,0.000863690278492868,dataset/clean_cropped/NN1/004_n002295_Drake/0004.jpg,dataset/attacks/NN1/error_specific/pgd/random/eps_0_010/004_n002295_Drake/0004.jpg
4,"""Drake""",7432,2148,0.0011139229172840714,dataset/clean_cropped/NN1/004_n002295_Drake/0006.jpg,dataset/attacks/NN1/error_specific/pgd/random/eps_0_010/004_n002295_Drake/0006.jpg
4,"""Drake""",6967,2148,0.07004236429929733,dataset/clean_cropped/NN1/004_n002295_Drake/0007.jpg,dataset/attacks/NN1/error_specific/pgd/random/eps_0_010/004_n002295_Drake/0007.jpg
4,"""Drake""",6730,2148,0.06474468111991882,dataset/clean_cropped/NN1/004_n002295_Drake/0008.jpg,dataset/attacks/NN1/error_specific/pgd/random/eps_0_010/004_n002295_Drake/0008.jpg
4,"""Drake""",7736,2148,0.0022041802294552326,dataset/clean_cropped/NN1/004_n002295_Drake/0009.jpg,dataset/attacks/NN1/error_specific/pgd/random/eps_0_010/004_n002295_Drake/0009.jpg
5,"""Chris_Duhon""",632,1503,0.005201729014515877,dataset/clean_cropped/NN1/005_n001597_Chris_Duhon/0002.jpg,dataset/attacks/NN1/error_specific/pgd/random/eps_0_010/005_n001597_Chris_Duhon/0002.jpg
5,"""Chris_Duhon""",8096,1503,0.0015739990631118417,dataset/clean_cropped/NN1/005_n001597_Chris_Duhon/0003.jpg,dataset/attacks/NN1/error_specific/pgd/random/eps_0_010/005_n001597_Chris_Duhon/0003.jpg
5,"""Chris_Duhon""",2014,1503,0.008465070277452469,dataset/clean_cropped/NN1/005_n001597_Chris_Duhon/0004.jpg,dataset/attacks/NN1/error_specific/pgd/random/eps_0_010/005_n001597_Chris_Duhon/0004.jpg
5,"""Chris_Duhon""",1078,1503,0.00989886000752449,dataset/clean_cropped/NN1/005_n001597_Chris_Duhon/0005.jpg,dataset/attacks/NN1/error_specific/pgd/random/eps_0_010/005_n001597_Chris_Duhon/0005.jpg
5,"""Chris_Duhon""",891,1503,0.023496214300394058,dataset/clean_cropped/NN1/005_n001597_Chris_Duhon/0008.jpg,dataset/attacks/NN1/error_specific/pgd/random/eps_0_010/005_n001597_Chris_Duhon/0008.jpg
6,"""Héctor_Mancilla""",7956,3281,0.056559402495622635,dataset/clean_cropped/NN1/006_n003512_H_ctor_Mancilla/0001.jpg,dataset/attacks/NN1/error_specific/pgd/random/eps_0_010/006_n003512_H_ctor_Mancilla/0001.jpg
7,"""Meera_Jasmine""",5231,5460,0.02231411263346672,dataset/clean_cropped/NN1/007_n005908_Meera_Jasmine/0006.jpg,dataset/attacks/NN1/error_specific/pgd/random/eps_0_010/007_n005908_Meera_Jasmine/0006.jpg
7,"""Meera_Jasmine""",575,5460,5.8009034546557814e-05,dataset/clean_cropped/NN1/007_n005908_Meera_Jasmine/0009.jpg,dataset/attacks/NN1/error_specific/pgd/random/eps_0_010/007_n005908_Meera_Jasmine/0009.jpg
8,"""Cherish_Lee""",3029,1471,0.004269749857485294,dataset/clean_cropped/NN1/008_n001564_Cherish_Lee/0004.jpg,dataset/attacks/NN1/error_specific/pgd/random/eps_0_010/008_n001564_Cherish_Lee/0004.jpg
9,"""Sergio_van_Dijk""",6741,7379,0.007076638750731945,dataset/clean_cropped/NN1/009_n007934_Sergio_van_Dijk/0000.jpg,dataset/attacks/NN1/error_specific/pgd/random/eps_0_010/009_n007934_Sergio_van_Dijk/0000.jpg
9,"""Sergio_van_Dijk""",7580,7379,0.0031233401969075203,dataset/clean_cropped/NN1/009_n007934_Sergio_van_Dijk/0002.jpg,dataset/attacks/NN1/error_specific/pgd/random/eps_0_010/009_n007934_Sergio_van_Dijk/0002.jpg
9,"""Sergio_van_Dijk""",2095,7379,0.00021825070143677294,dataset/clean_cropped/NN1/009_n007934_Sergio_van_Dijk/0006.jpg,dataset/attacks/NN1/error_specific/pgd/random/eps_0_010/009_n007934_Sergio_van_Dijk/0006.jpg
9,"""Sergio_van_Dijk""",50,7379,0.0025555978063493967,dataset/clean_cropped/NN1/009_n007934_Sergio_van_Dijk/0007.jpg,dataset/attacks/NN1/error_specific/pgd/random/eps_0_010/009_n007934_Sergio_van_Dijk/0007.jpg
11,"""Bas_Dost""",3483,870,0.0049436455592513084,dataset/clean_cropped/NN1/011_n000917_Bas_Dost/0001.jpg,dataset/attacks/NN1/error_specific/pgd/random/eps_0_010/011_n000917_Bas_Dost/0001.jpg
11,"""Bas_Dost""",6498,870,0.03292444720864296,dataset/clean_cropped/NN1/011_n000917_Bas_Dost/0003.jpg,dataset/attacks/NN1/error_specific/pgd/random/eps_0_010/011_n000917_Bas_Dost/0003.jpg
11,"""Bas_Dost""",1333,870,0.07888568192720413,dataset/clean_cropped/NN1/011_n000917_Bas_Dost/0005.jpg,dataset/attacks/NN1/error_specific/pgd/random/eps_0_010/011_n000917_Bas_Dost/0005.jpg
11,"""Bas_Dost""",4249,870,0.004049286711961031,dataset/clean_cropped/NN1/011_n000917_Bas_Dost/0006.jpg,dataset/attacks/NN1/error_specific/pgd/random/eps_0_010/011_n000917_Bas_Dost/0006.jpg
12,"""Brandon_Roy""",7135,1109,0.011015129275619984,dataset/clean_cropped/NN1/012_n001173_Brandon_Roy/0002.jpg,dataset/attacks/NN1/error_specific/pgd/random/eps_0_010/012_n001173_Brandon_Roy/0002.jpg
12,"""Brandon_Roy""",2653,1109,0.012310107238590717,dataset/clean_cropped/NN1/012_n001173_Brandon_Roy/0005.jpg,dataset/attacks/NN1/error_specific/pgd/random/eps_0_010/012_n001173_Brandon_Roy/0005.jpg
12,"""Brandon_Roy""",6773,1109,0.0009155049338005483,dataset/clean_cropped/NN1/012_n001173_Brandon_Roy/0006.jpg,dataset/attacks/NN1/error_specific/pgd/random/eps_0_010/012_n001173_Brandon_Roy/0006.jpg
12,"""Brandon_Roy""",8482,1109,0.08720573782920837,dataset/clean_cropped/NN1/012_n001173_Brandon_Roy/0008.jpg,dataset/attacks/NN1/error_specific/pgd/random/eps_0_010/012_n001173_Brandon_Roy/0008.jpg
12,"""Brandon_Roy""",7572,1109,0.0038119833916425705,dataset/clean_cropped/NN1/012_n001173_Brandon_Roy/0009.jpg,dataset/attacks/NN1/error_specific/pgd/random/eps_0_010/012_n001173_Brandon_Roy/0009.jpg
13,"""Sean_Avery""",5867,7296,0.0061170184053480625,dataset/clean_cropped/NN1/013_n007841_Sean_Avery/0003.jpg,dataset/attacks/NN1/error_specific/pgd/random/eps_0_010/013_n007841_Sean_Avery/0003.jpg
14,"""Joanne_Peh""",7203,3874,0.037636514753103256,dataset/clean_cropped/NN1/014_n004143_Joanne_Peh/0000.jpg,dataset/attacks/NN1/error_specific/pgd/random/eps_0_010/014_n004143_Joanne_Peh/0000.jpg
14,"""Joanne_Peh""",671,3874,0.049843620508909225,dataset/clean_cropped/NN1/014_n004143_Joanne_Peh/0001.jpg,dataset/attacks/NN1/error_specific/pgd/random/eps_0_010/014_n004143_Joanne_Peh/0001.jpg
14,"""Joanne_Peh""",2806,3874,0.002144241239875555,dataset/clean_cropped/NN1/014_n004143_Joanne_Peh/0006.jpg,dataset/attacks/NN1/error_specific/pgd/random/eps_0_010/014_n004143_Joanne_Peh/0006.jpg
15,"""Hervé_Mariton""",8174,3217,0.00028637712239287794,dataset/clean_cropped/NN1/015_n003444_Herv__Mariton/0000.jpg,dataset/attacks/NN1/error_specific/pgd/random/eps_0_010/015_n003444_Herv__Mariton/0000.jpg
15,"""Hervé_Mariton""",2113,3217,0.0044114915654063225,dataset/clean_cropped/NN1/015_n003444_Herv__Mariton/0003.jpg,dataset/attacks/NN1/error_specific/pgd/random/eps_0_010/015_n003444_Herv__Mariton/0003.jpg
16,"""Simon_Rattle""",8300,7514,0.04785618558526039,dataset/clean_cropped/NN1/016_n008084_Simon_Rattle/0000.jpg,dataset/attacks/NN1/error_specific/pgd/random/eps_0_010/016_n008084_Simon_Rattle/0000.jpg
16,"""Simon_Rattle""",6345,7514,0.0020915598142892122,dataset/clean_cropped/NN1/016_n008084_Simon_Rattle/0002.jpg,dataset/attacks/NN1/error_specific/pgd/random/eps_0_010/016_n008084_Simon_Rattle/0002.jpg
16,"""Simon_Rattle""",4361,7514,0.042434100061655045,dataset/clean_cropped/NN1/016_n008084_Simon_Rattle/0004.jpg,dataset/attacks/NN1/error_specific/pgd/random/eps_0_010/016_n008084_Simon_Rattle/0004.jpg
16,"""Simon_Rattle""",1923,7514,0.054781027138233185,dataset/clean_cropped/NN1/016_n008084_Simon_Rattle/0006.jpg,dataset/attacks/NN1/error_specific/pgd/random/eps_0_010/016_n008084_Simon_Rattle/0006.jpg
17,"""Alison_Riske""",64,325,0.012497060000896454,dataset/clean_cropped/NN1/017_n000342_Alison_Riske/0008.jpg,dataset/attacks/NN1/error_specific/pgd/random/eps_0_010/017_n000342_Alison_Riske/0008.jpg
18,"""Wu_Chun""",5082,8404,0.0002615772536955774,dataset/clean_cropped/NN1/018_n009040_Wu_Chun/0002.jpg,dataset/attacks/NN1/error_specific/pgd/random/eps_0_010/018_n009040_Wu_Chun/0002.jpg
18,"""Wu_Chun""",6753,8404,0.03529355302453041,dataset/clean_cropped/NN1/018_n009040_Wu_Chun/0006.jpg,dataset/attacks/NN1/error_specific/pgd/random/eps_0_010/018_n009040_Wu_Chun/0006.jpg
19,"""Paul_Le_Guen""",6987,6357,0.0014443309046328068,dataset/clean_cropped/NN1/019_n006844_Paul_Le_Guen/0001.jpg,dataset/attacks/NN1/error_specific/pgd/random/eps_0_010/019_n006844_Paul_Le_Guen/0001.jpg
19,"""Paul_Le_Guen""",6336,6357,0.0002774483000393957,dataset/clean_cropped/NN1/019_n006844_Paul_Le_Guen/0003.jpg,dataset/attacks/NN1/error_specific/pgd/random/eps_0_010/019_n006844_Paul_Le_Guen/0003.jpg
19,"""Paul_Le_Guen""",75,6357,0.0035254941321909428,dataset/clean_cropped/NN1/019_n006844_Paul_Le_Guen/0004.jpg,dataset/attacks/NN1/error_specific/pgd/random/eps_0_010/019_n006844_Paul_Le_Guen/0004.jpg
19,"""Paul_Le_Guen""",3029,6357,0.00878031924366951,dataset/clean_cropped/NN1/019_n006844_Paul_Le_Guen/0005.jpg,dataset/attacks/NN1/error_specific/pgd/random/eps_0_010/019_n006844_Paul_Le_Guen/0005.jpg
19,"""Paul_Le_Guen""",7175,6357,0.015267104841768742,dataset/clean_cropped/NN1/019_n006844_Paul_Le_Guen/0007.jpg,dataset/attacks/NN1/error_specific/pgd/random/eps_0_010/019_n006844_Paul_Le_Guen/0007.jpg
19,"""Paul_Le_Guen""",5723,6357,0.005712779704481363,dataset/clean_cropped/NN1/019_n006844_Paul_Le_Guen/0008.jpg,dataset/attacks/NN1/error_specific/pgd/random/eps_0_010/019_n006844_Paul_Le_Guen/0008.jpg
19,"""Paul_Le_Guen""",831,6357,0.002178085269406438,dataset/clean_cropped/NN1/019_n006844_Paul_Le_Guen/0009.jpg,dataset/attacks/NN1/error_specific/pgd/random/eps_0_010/019_n006844_Paul_Le_Guen/0009.jpg
20,"""Govinda""",7503,2966,0.04992002248764038,dataset/clean_cropped/NN1/020_n003179_Govinda/0000.jpg,dataset/attacks/NN1/error_specific/pgd/random/eps_0_010/020_n003179_Govinda/0000.jpg
20,"""Govinda""",7617,2966,0.008017413318157196,dataset/clean_cropped/NN1/020_n003179_Govinda/0003.jpg,dataset/attacks/NN1/error_specific/pgd/random/eps_0_010/020_n003179_Govinda/0003.jpg
20,"""Govinda""",7080,2966,0.01641419343650341,dataset/clean_cropped/NN1/020_n003179_Govinda/0004.jpg,dataset/attacks/NN1/error_specific/pgd/random/eps_0_010/020_n003179_Govinda/0004.jpg
20,"""Govinda""",3547,2966,0.10436072200536728,dataset/clean_cropped/NN1/020_n003179_Govinda/0007.jpg,dataset/attacks/NN1/error_specific/pgd/random/eps_0_010/020_n003179_Govinda/0007.jpg
20,"""Govinda""",1627,2966,0.03580391779541969,dataset/clean_cropped/NN1/020_n003179_Govinda/0008.jpg,dataset/attacks/NN1/error_specific/pgd/random/eps_0_010/020_n003179_Govinda/0008.jpg
21,"""Begüm_Birgören""",2458,884,0.05307453125715256,dataset/clean_cropped/NN1/021_n000932_Beg_m_Birg_ren/0000.jpg,dataset/attacks/NN1/error_specific/pgd/random/eps_0_010/021_n000932_Beg_m_Birg_ren/0000.jpg
21,"""Begüm_Birgören""",2082,884,0.08767905086278915,dataset/clean_cropped/NN1/021_n000932_Beg_m_Birg_ren/0003.jpg,dataset/attacks/NN1/error_specific/pgd/random/eps_0_010/021_n000932_Beg_m_Birg_ren/0003.jpg
21,"""Begüm_Birgören""",8127,884,0.000590854266192764,dataset/clean_cropped/NN1/021_n000932_Beg_m_Birg_ren/0004.jpg,dataset/attacks/NN1/error_specific/pgd/random/eps_0_010/021_n000932_Beg_m_Birg_ren/0004.jpg
21,"""Begüm_Birgören""",8591,884,0.0055536385625600815,dataset/clean_cropped/NN1/021_n000932_Beg_m_Birg_ren/0008.jpg,dataset/attacks/NN1/error_specific/pgd/random/eps_0_010/021_n000932_Beg_m_Birg_ren/0008.jpg
22,"""Martín_Cáceres""",8536,5321,0.002661186968907714,dataset/clean_cropped/NN1/022_n005752_Mart_n_C_ceres/0000.jpg,dataset/attacks/NN1/error_specific/pgd/random/eps_0_010/022_n005752_Mart_n_C_ceres/0000.jpg
22,"""Martín_Cáceres""",4421,5321,0.06533171236515045,dataset/clean_cropped/NN1/022_n005752_Mart_n_C_ceres/0001.jpg,dataset/attacks/NN1/error_specific/pgd/random/eps_0_010/022_n005752_Mart_n_C_ceres/0001.jpg
22,"""Martín_Cáceres""",5102,5321,0.003338601440191269,dataset/clean_cropped/NN1/022_n005752_Mart_n_C_ceres/0003.jpg,dataset/attacks/NN1/error_specific/pgd/random/eps_0_010/022_n005752_Mart_n_C_ceres/0003.jpg
22,"""Martín_Cáceres""",4827,5321,0.022506803274154663,dataset/clean_cropped/NN1/022_n005752_Mart_n_C_ceres/0005.jpg,dataset/attacks/NN1/error_specific/pgd/random/eps_0_010/022_n005752_Mart_n_C_ceres/0005.jpg
22,"""Martín_Cáceres""",3151,5321,0.034448809921741486,dataset/clean_cropped/NN1/022_n005752_Mart_n_C_ceres/0006.jpg,dataset/attacks/NN1/error_specific/pgd/random/eps_0_010/022_n005752_Mart_n_C_ceres/0006.jpg
22,"""Martín_Cáceres""",5037,5321,0.00020953844068571925,dataset/clean_cropped/NN1/022_n005752_Mart_n_C_ceres/0007.jpg,dataset/attacks/NN1/error_specific/pgd/random/eps_0_010/022_n005752_Mart_n_C_ceres/0007.jpg
22,"""Martín_Cáceres""",1503,5321,0.000549120013602078,dataset/clean_cropped/NN1/022_n005752_Mart_n_C_ceres/0009.jpg,dataset/attacks/NN1/error_specific/pgd/random/eps_0_010/022_n005752_Mart_n_C_ceres/0009.jpg
23,"""Robbie_Farah""",5732,6884,0.006352277938276529,dataset/clean_cropped/NN1/023_n007405_Robbie_Farah/0001.jpg,dataset/attacks/NN1/error_specific/pgd/random/eps_0_010/023_n007405_Robbie_Farah/0001.jpg
23,"""Robbie_Farah""",4818,6884,0.15079282224178314,dataset/clean_cropped/NN1/023_n007405_Robbie_Farah/0002.jpg,dataset/attacks/NN1/error_specific/pgd/random/eps_0_010/023_n007405_Robbie_Farah/0002.jpg
23,"""Robbie_Farah""",2245,6884,0.10874927043914795,dataset/clean_cropped/NN1/023_n007405_Robbie_Farah/0007.jpg,dataset/attacks/NN1/error_specific/pgd/random/eps_0_010/023_n007405_Robbie_Farah/0007.jpg
23,"""Robbie_Farah""",1300,6884,0.02464982122182846,dataset/clean_cropped/NN1/023_n007405_Robbie_Farah/0008.jpg,dataset/attacks/NN1/error_specific/pgd/random/eps_0_010/023_n007405_Robbie_Farah/0008.jpg
24,"""Tamara_Beckwith""",1509,7796,0.007726016920059919,dataset/clean_cropped/NN1/024_n008389_Tamara_Beckwith/0000.jpg,dataset/attacks/NN1/error_specific/pgd/random/eps_0_010/024_n008389_Tamara_Beckwith/0000.jpg
24,"""Tamara_Beckwith""",4127,7796,0.1725870966911316,dataset/clean_cropped/NN1/024_n008389_Tamara_Beckwith/0001.jpg,dataset/attacks/NN1/error_specific/pgd/random/eps_0_010/024_n008389_Tamara_Beckwith/0001.jpg
24,"""Tamara_Beckwith""",2558,7796,0.008837433531880379,dataset/clean_cropped/NN1/024_n008389_Tamara_Beckwith/0007.jpg,dataset/attacks/NN1/error_specific/pgd/random/eps_0_010/024_n008389_Tamara_Beckwith/0007.jpg
25,"""Maura_Rivera""",5853,5400,0.09001611173152924,dataset/clean_cropped/NN1/025_n005845_Maura_Rivera/0001.jpg,dataset/attacks/NN1/error_specific/pgd/random/eps_0_010/025_n005845_Maura_Rivera/0001.jpg
25,"""Maura_Rivera""",8458,5400,0.0005382599192671478,dataset/clean_cropped/NN1/025_n005845_Maura_Rivera/0004.jpg,dataset/attacks/NN1/error_specific/pgd/random/eps_0_010/025_n005845_Maura_Rivera/0004.jpg
26,"""Marky_Cielo""",1316,5279,0.033137526363134384,dataset/clean_cropped/NN1/026_n005704_Marky_Cielo/0000.jpg,dataset/attacks/NN1/error_specific/pgd/random/eps_0_010/026_n005704_Marky_Cielo/0000.jpg
26,"""Marky_Cielo""",280,5279,0.011686807498335838,dataset/clean_cropped/NN1/026_n005704_Marky_Cielo/0004.jpg,dataset/attacks/NN1/error_specific/pgd/random/eps_0_010/026_n005704_Marky_Cielo/0004.jpg
26,"""Marky_Cielo""",5733,5279,0.004322050604969263,dataset/clean_cropped/NN1/026_n005704_Marky_Cielo/0005.jpg,dataset/attacks/NN1/error_specific/pgd/random/eps_0_010/026_n005704_Marky_Cielo/0005.jpg
26,"""Marky_Cielo""",4389,5279,0.029257865622639656,dataset/clean_cropped/NN1/026_n005704_Marky_Cielo/0007.jpg,dataset/attacks/NN1/error_specific/pgd/random/eps_0_010/026_n005704_Marky_Cielo/0007.jpg
26,"""Marky_Cielo""",5957,5279,0.0004934805328957736,dataset/clean_cropped/NN1/026_n005704_Marky_Cielo/0008.jpg,dataset/attacks/NN1/error_specific/pgd/random/eps_0_010/026_n005704_Marky_Cielo/0008.jpg
26,"""Marky_Cielo""",2675,5279,0.04847622662782669,dataset/clean_cropped/NN1/026_n005704_Marky_Cielo/0009.jpg,dataset/attacks/NN1/error_specific/pgd/random/eps_0_010/026_n005704_Marky_Cielo/0009.jpg
27,"""Tomatito""",3836,8010,0.003777120029553771,dataset/clean_cropped/NN1/027_n008620_Tomatito/0002.jpg,dataset/attacks/NN1/error_specific/pgd/random/eps_0_010/027_n008620_Tomatito/0002.jpg
27,"""Tomatito""",1314,8010,0.04198068380355835,dataset/clean_cropped/NN1/027_n008620_Tomatito/0004.jpg,dataset/attacks/NN1/error_specific/pgd/random/eps_0_010/027_n008620_Tomatito/0004.jpg
28,"""Paul_DiAnno""",4817,6349,0.0015967902727425098,dataset/clean_cropped/NN1/028_n006836_Paul_DiAnno/0002.jpg,dataset/attacks/NN1/error_specific/pgd/random/eps_0_010/028_n006836_Paul_DiAnno/0002.jpg
28,"""Paul_DiAnno""",5430,6349,0.0013486075913533568,dataset/clean_cropped/NN1/028_n006836_Paul_DiAnno/0003.jpg,dataset/attacks/NN1/error_specific/pgd/random/eps_0_010/028_n006836_Paul_DiAnno/0003.jpg
28,"""Paul_DiAnno""",1400,6349,0.09141573309898376,dataset/clean_cropped/NN1/028_n006836_Paul_DiAnno/0004.jpg,dataset/attacks/NN1/error_specific/pgd/random/eps_0_010/028_n006836_Paul_DiAnno/0004.jpg
28,"""Paul_DiAnno""",2476,6349,0.00479142926633358,dataset/clean_cropped/NN1/028_n006836_Paul_DiAnno/0005.jpg,dataset/attacks/NN1/error_specific/pgd/random/eps_0_010/028_n006836_Paul_DiAnno/0005.jpg
28,"""Paul_DiAnno""",2512,6349,0.0006348175229504704,dataset/clean_cropped/NN1/028_n006836_Paul_DiAnno/0006.jpg,dataset/attacks/NN1/error_specific/pgd/random/eps_0_010/028_n006836_Paul_DiAnno/0006.jpg
28,"""Paul_DiAnno""",975,6349,0.0005266023217700422,dataset/clean_cropped/NN1/028_n006836_Paul_DiAnno/0008.jpg,dataset/attacks/NN1/error_specific/pgd/random/eps_0_010/028_n006836_Paul_DiAnno/0008.jpg
28,"""Paul_DiAnno""",6829,6349,0.02893826924264431,dataset/clean_cropped/NN1/028_n006836_Paul_DiAnno/0009.jpg,dataset/attacks/NN1/error_specific/pgd/random/eps_0_010/028_n006836_Paul_DiAnno/0009.jpg
29,"""Laura_Linney""",7329,4660,0.0014581497525796294,dataset/clean_cropped/NN1/029_n005009_Laura_Linney/0002.jpg,dataset/attacks/NN1/error_specific/pgd/random/eps_0_010/029_n005009_Laura_Linney/0002.jpg
29,"""Laura_Linney""",6036,4660,0.0033567838836461306,dataset/clean_cropped/NN1/029_n005009_Laura_Linney/0006.jpg,dataset/attacks/NN1/error_specific/pgd/random/eps_0_010/029_n005009_Laura_Linney/0006.jpg
30,"""Shraddha_Das""",943,7478,0.018650708720088005,dataset/clean_cropped/NN1/030_n008046_Shraddha_Das/0000.jpg,dataset/attacks/NN1/error_specific/pgd/random/eps_0_010/030_n008046_Shraddha_Das/0000.jpg
30,"""Shraddha_Das""",877,7478,0.011113898828625679,dataset/clean_cropped/NN1/030_n008046_Shraddha_Das/0002.jpg,dataset/attacks/NN1/error_specific/pgd/random/eps_0_010/030_n008046_Shraddha_Das/0002.jpg
30,"""Shraddha_Das""",6978,7478,0.00010030497651314363,dataset/clean_cropped/NN1/030_n008046_Shraddha_Das/0003.jpg,dataset/attacks/NN1/error_specific/pgd/random/eps_0_010/030_n008046_Shraddha_Das/0003.jpg
30,"""Shraddha_Das""",6672,7478,0.03574450686573982,dataset/clean_cropped/NN1/030_n008046_Shraddha_Das/0004.jpg,dataset/attacks/NN1/error_specific/pgd/random/eps_0_010/030_n008046_Shraddha_Das/0004.jpg
30,"""Shraddha_Das""",753,7478,0.024624809622764587,dataset/clean_cropped/NN1/030_n008046_Shraddha_Das/0008.jpg,dataset/attacks/NN1/error_specific/pgd/random/eps_0_010/030_n008046_Shraddha_Das/0008.jpg
31,"""Brad_Garrett""",121,1092,0.012730283662676811,dataset/clean_cropped/NN1/031_n001155_Brad_Garrett/0004.jpg,dataset/attacks/NN1/error_specific/pgd/random/eps_0_010/031_n001155_Brad_Garrett/0004.jpg
31,"""Brad_Garrett""",6306,1092,0.06947977095842361,dataset/clean_cropped/NN1/031_n001155_Brad_Garrett/0006.jpg,dataset/attacks/NN1/error_specific/pgd/random/eps_0_010/031_n001155_Brad_Garrett/0006.jpg
31,"""Brad_Garrett""",4028,1092,0.05207151547074318,dataset/clean_cropped/NN1/031_n001155_Brad_Garrett/0009.jpg,dataset/attacks/NN1/error_specific/pgd/random/eps_0_010/031_n001155_Brad_Garrett/0009.jpg
32,"""Malu_Mader""",8068,5062,0.002594070741906762,dataset/clean_cropped/NN1/032_n005460_Malu_Mader/0000.jpg,dataset/attacks/NN1/error_specific/pgd/random/eps_0_010/032_n005460_Malu_Mader/0000.jpg
32,"""Malu_Mader""",2967,5062,0.0033698100596666336,dataset/clean_cropped/NN1/032_n005460_Malu_Mader/0002.jpg,dataset/attacks/NN1/error_specific/pgd/random/eps_0_010/032_n005460_Malu_Mader/0002.jpg
32,"""Malu_Mader""",7722,5062,0.0037286044098436832,dataset/clean_cropped/NN1/032_n005460_Malu_Mader/0003.jpg,dataset/attacks/NN1/error_specific/pgd/random/eps_0_010/032_n005460_Malu_Mader/0003.jpg
32,"""Malu_Mader""",1601,5062,0.032035551965236664,dataset/clean_cropped/NN1/032_n005460_Malu_Mader/0004.jpg,dataset/attacks/NN1/error_specific/pgd/random/eps_0_010/032_n005460_Malu_Mader/0004.jpg
32,"""Malu_Mader""",6493,5062,0.0009791614720597863,dataset/clean_cropped/NN1/032_n005460_Malu_Mader/0007.jpg,dataset/attacks/NN1/error_specific/pgd/random/eps_0_010/032_n005460_Malu_Mader/0007.jpg
32,"""Malu_Mader""",3931,5062,0.014841915108263493,dataset/clean_cropped/NN1/032_n005460_Malu_Mader/0008.jpg,dataset/attacks/NN1/error_specific/pgd/random/eps_0_010/032_n005460_Malu_Mader/0008.jpg
32,"""Malu_Mader""",7125,5062,0.042416658252477646,dataset/clean_cropped/NN1/032_n005460_Malu_Mader/0009.jpg,dataset/attacks/NN1/error_specific/pgd/random/eps_0_010/032_n005460_Malu_Mader/0009.jpg
33,"""Keisha_Buchanan""",1855,4370,0.0028863560874015093,dataset/clean_cropped/NN1/033_n004688_Keisha_Buchanan/0001.jpg,dataset/attacks/NN1/error_specific/pgd/random/eps_0_010/033_n004688_Keisha_Buchanan/0001.jpg
33,"""Keisha_Buchanan""",6322,4370,0.006426467560231686,dataset/clean_cropped/NN1/033_n004688_Keisha_Buchanan/0008.jpg,dataset/attacks/NN1/error_specific/pgd/random/eps_0_010/033_n004688_Keisha_Buchanan/0008.jpg
34,"""Craig_Bellamy""",1396,1701,0.016123782843351364,dataset/clean_cropped/NN1/034_n001804_Craig_Bellamy/0003.jpg,dataset/attacks/NN1/error_specific/pgd/random/eps_0_010/034_n001804_Craig_Bellamy/0003.jpg
34,"""Craig_Bellamy""",2672,1701,0.08036140352487564,dataset/clean_cropped/NN1/034_n001804_Craig_Bellamy/0008.jpg,dataset/attacks/NN1/error_specific/pgd/random/eps_0_010/034_n001804_Craig_Bellamy/0008.jpg
35,"""Thomas_Hitzlsperger""",7318,7925,0.004840679466724396,dataset/clean_cropped/NN1/035_n008526_Thomas_Hitzlsperger/0000.jpg,dataset/attacks/NN1/error_specific/pgd/random/eps_0_010/035_n008526_Thomas_Hitzlsperger/0000.jpg
35,"""Thomas_Hitzlsperger""",7430,7925,0.00010728296911111102,dataset/clean_cropped/NN1/035_n008526_Thomas_Hitzlsperger/0002.jpg,dataset/attacks/NN1/error_specific/pgd/random/eps_0_010/035_n008526_Thomas_Hitzlsperger/0002.jpg
35,"""Thomas_Hitzlsperger""",6417,7925,0.002205419586971402,dataset/clean_cropped/NN1/035_n008526_Thomas_Hitzlsperger/0005.jpg,dataset/attacks/NN1/error_specific/pgd/random/eps_0_010/035_n008526_Thomas_Hitzlsperger/0005.jpg
35,"""Thomas_Hitzlsperger""",7578,7925,0.013577570207417011,dataset/clean_cropped/NN1/035_n008526_Thomas_Hitzlsperger/0008.jpg,dataset/attacks/NN1/error_specific/pgd/random/eps_0_010/035_n008526_Thomas_Hitzlsperger/0008.jpg
35,"""Thomas_Hitzlsperger""",8418,7925,0.03626299649477005,dataset/clean_cropped/NN1/035_n008526_Thomas_Hitzlsperger/0009.jpg,dataset/attacks/NN1/error_specific/pgd/random/eps_0_010/035_n008526_Thomas_Hitzlsperger/0009.jpg
36,"""Arifin_Putra""",8086,723,0.009870090521872044,dataset/clean_cropped/NN1/036_n000762_Arifin_Putra/0001.jpg,dataset/attacks/NN1/error_specific/pgd/random/eps_0_010/036_n000762_Arifin_Putra/0001.jpg
37,"""Martin_Bader""",2393,5298,0.0016209987225010991,dataset/clean_cropped/NN1/037_n005727_Martin_Bader/0000.jpg,dataset/attacks/NN1/error_specific/pgd/random/eps_0_010/037_n005727_Martin_Bader/0000.jpg
37,"""Martin_Bader""",7344,5298,0.0020490060560405254,dataset/clean_cropped/NN1/037_n005727_Martin_Bader/0001.jpg,dataset/attacks/NN1/error_specific/pgd/random/eps_0_010/037_n005727_Martin_Bader/0001.jpg
37,"""Martin_Bader""",7876,5298,0.06532863527536392,dataset/clean_cropped/NN1/037_n005727_Martin_Bader/0003.jpg,dataset/attacks/NN1/error_specific/pgd/random/eps_0_010/037_n005727_Martin_Bader/0003.jpg
37,"""Martin_Bader""",3578,5298,0.0010860132751986384,dataset/clean_cropped/NN1/037_n005727_Martin_Bader/0004.jpg,dataset/attacks/NN1/error_specific/pgd/random/eps_0_010/037_n005727_Martin_Bader/0004.jpg
37,"""Martin_Bader""",5094,5298,0.01121892686933279,dataset/clean_cropped/NN1/037_n005727_Martin_Bader/0007.jpg,dataset/attacks/NN1/error_specific/pgd/random/eps_0_010/037_n005727_Martin_Bader/0007.jpg
37,"""Martin_Bader""",3943,5298,0.004453454632312059,dataset/clean_cropped/NN1/037_n005727_Martin_Bader/0008.jpg,dataset/attacks/NN1/error_specific/pgd/random/eps_0_010/037_n005727_Martin_Bader/0008.jpg
38,"""Ximena_Navarrete""",2691,8419,0.003998589236289263,dataset/clean_cropped/NN1/038_n009055_Ximena_Navarrete/0003.jpg,dataset/attacks/NN1/error_specific/pgd/random/eps_0_010/038_n009055_Ximena_Navarrete/0003.jpg
38,"""Ximena_Navarrete""",2536,8419,0.00514177093282342,dataset/clean_cropped/NN1/038_n009055_Ximena_Navarrete/0005.jpg,dataset/attacks/NN1/error_specific/pgd/random/eps_0_010/038_n009055_Ximena_Navarrete/0005.jpg
38,"""Ximena_Navarrete""",508,8419,0.0028443937189877033,dataset/clean_cropped/NN1/038_n009055_Ximena_Navarrete/0009.jpg,dataset/attacks/NN1/error_specific/pgd/random/eps_0_010/038_n009055_Ximena_Navarrete/0009.jpg
39,"""Maurice_de_Hond""",8328,5406,0.0845966637134552,dataset/clean_cropped/NN1/039_n005851_Maurice_de_Hond/0001.jpg,dataset/attacks/NN1/error_specific/pgd/random/eps_0_010/039_n005851_Maurice_de_Hond/0001.jpg
40,"""Cody_Longo""",4896,1664,0.0018555999267846346,dataset/clean_cropped/NN1/040_n001766_Cody_Longo/0001.jpg,dataset/attacks/NN1/error_specific/pgd/random/eps_0_010/040_n001766_Cody_Longo/0001.jpg
40,"""Cody_Longo""",4484,1664,0.04039062559604645,dataset/clean_cropped/NN1/040_n001766_Cody_Longo/0004.jpg,dataset/attacks/NN1/error_specific/pgd/random/eps_0_010/040_n001766_Cody_Longo/0004.jpg
40,"""Cody_Longo""",2723,1664,0.0008525043376721442,dataset/clean_cropped/NN1/040_n001766_Cody_Longo/0005.jpg,dataset/attacks/NN1/error_specific/pgd/random/eps_0_010/040_n001766_Cody_Longo/0005.jpg
40,"""Cody_Longo""",3229,1664,0.022815311327576637,dataset/clean_cropped/NN1/040_n001766_Cody_Longo/0007.jpg,dataset/attacks/NN1/error_specific/pgd/random/eps_0_010/040_n001766_Cody_Longo/0007.jpg
40,"""Cody_Longo""",953,1664,0.002818572334945202,dataset/clean_cropped/NN1/040_n001766_Cody_Longo/0009.jpg,dataset/attacks/NN1/error_specific/pgd/random/eps_0_010/040_n001766_Cody_Longo/0009.jpg
41,"""Ruth_Langsford""",1292,7097,0.003426347626373172,dataset/clean_cropped/NN1/041_n007629_Ruth_Langsford/0000.jpg,dataset/attacks/NN1/error_specific/pgd/random/eps_0_010/041_n007629_Ruth_Langsford/0000.jpg
41,"""Ruth_Langsford""",7866,7097,0.0034414674155414104,dataset/clean_cropped/NN1/041_n007629_Ruth_Langsford/0002.jpg,dataset/attacks/NN1/error_specific/pgd/random/eps_0_010/041_n007629_Ruth_Langsford/0002.jpg
41,"""Ruth_Langsford""",5074,7097,0.00036787509452551603,dataset/clean_cropped/NN1/041_n007629_Ruth_Langsford/0008.jpg,dataset/attacks/NN1/error_specific/pgd/random/eps_0_010/041_n007629_Ruth_Langsford/0008.jpg
42,"""Gilbert_Arenas""",5798,2879,0.0002602565800771117,dataset/clean_cropped/NN1/042_n003085_Gilbert_Arenas/0004.jpg,dataset/attacks/NN1/error_specific/pgd/random/eps_0_010/042_n003085_Gilbert_Arenas/0004.jpg
42,"""Gilbert_Arenas""",7988,2879,0.003994251135736704,dataset/clean_cropped/NN1/042_n003085_Gilbert_Arenas/0005.jpg,dataset/attacks/NN1/error_specific/pgd/random/eps_0_010/042_n003085_Gilbert_Arenas/0005.jpg
42,"""Gilbert_Arenas""",6590,2879,0.03490445390343666,dataset/clean_cropped/NN1/042_n003085_Gilbert_Arenas/0008.jpg,dataset/attacks/NN1/error_specific/pgd/random/eps_0_010/042_n003085_Gilbert_Arenas/0008.jpg
42,"""Gilbert_Arenas""",6176,2879,0.0008451287285424769,dataset/clean_cropped/NN1/042_n003085_Gilbert_Arenas/0009.jpg,dataset/attacks/NN1/error_specific/pgd/random/eps_0_010/042_n003085_Gilbert_Arenas/0009.jpg
43,"""Christophe_Maé""",5465,1573,0.0003621111100073904,dataset/clean_cropped/NN1/043_n001670_Christophe_Ma/0000.jpg,dataset/attacks/NN1/error_specific/pgd/random/eps_0_010/043_n001670_Christophe_Ma/0000.jpg
43,"""Christophe_Maé""",3006,1573,0.016229785978794098,dataset/clean_cropped/NN1/043_n001670_Christophe_Ma/0001.jpg,dataset/attacks/NN1/error_specific/pgd/random/eps_0_010/043_n001670_Christophe_Ma/0001.jpg
43,"""Christophe_Maé""",3214,1573,0.02040999010205269,dataset/clean_cropped/NN1/043_n001670_Christophe_Ma/0002.jpg,dataset/attacks/NN1/error_specific/pgd/random/eps_0_010/043_n001670_Christophe_Ma/0002.jpg
43,"""Christophe_Maé""",3975,1573,0.011835047043859959,dataset/clean_cropped/NN1/043_n001670_Christophe_Ma/0005.jpg,dataset/attacks/NN1/error_specific/pgd/random/eps_0_010/043_n001670_Christophe_Ma/0005.jpg
43,"""Christophe_Maé""",5018,1573,0.006309247110038996,dataset/clean_cropped/NN1/043_n001670_Christophe_Ma/0006.jpg,dataset/attacks/NN1/error_specific/pgd/random/eps_0_010/043_n001670_Christophe_Ma/0006.jpg
44,"""Nikki_Giovanni""",5672,6076,0.007207608316093683,dataset/clean_cropped/NN1/044_n006550_Nikki_Giovanni/0008.jpg,dataset/attacks/NN1/error_specific/pgd/random/eps_0_010/044_n006550_Nikki_Giovanni/0008.jpg
44,"""Nikki_Giovanni""",3511,6076,0.0023710057139396667,dataset/clean_cropped/NN1/044_n006550_Nikki_Giovanni/0009.jpg,dataset/attacks/NN1/error_specific/pgd/random/eps_0_010/044_n006550_Nikki_Giovanni/0009.jpg
45,"""Michelle_Jenner""",743,5602,0.07604900002479553,dataset/clean_cropped/NN1/045_n006058_Michelle_Jenner/0000.jpg,dataset/attacks/NN1/error_specific/pgd/random/eps_0_010/045_n006058_Michelle_Jenner/0000.jpg
45,"""Michelle_Jenner""",2643,5602,0.02164275385439396,dataset/clean_cropped/NN1/045_n006058_Michelle_Jenner/0003.jpg,dataset/attacks/NN1/error_specific/pgd/random/eps_0_010/045_n006058_Michelle_Jenner/0003.jpg
45,"""Michelle_Jenner""",741,5602,0.01070134062319994,dataset/clean_cropped/NN1/045_n006058_Michelle_Jenner/0004.jpg,dataset/attacks/NN1/error_specific/pgd/random/eps_0_010/045_n006058_Michelle_Jenner/0004.jpg
45,"""Michelle_Jenner""",1881,5602,0.005009728949517012,dataset/clean_cropped/NN1/045_n006058_Michelle_Jenner/0005.jpg,dataset/attacks/NN1/error_specific/pgd/random/eps_0_010/045_n006058_Michelle_Jenner/0005.jpg
46,"""Esperanza_Spalding""",5455,2451,0.0018179791513830423,dataset/clean_cropped/NN1/046_n002622_Esperanza_Spalding/0002.jpg,dataset/attacks/NN1/error_specific/pgd/random/eps_0_010/046_n002622_Esperanza_Spalding/0002.jpg
46,"""Esperanza_Spalding""",6263,2451,0.0055222236551344395,dataset/clean_cropped/NN1/046_n002622_Esperanza_Spalding/0003.jpg,dataset/attacks/NN1/error_specific/pgd/random/eps_0_010/046_n002622_Esperanza_Spalding/0003.jpg
46,"""Esperanza_Spalding""",4093,2451,0.001992208417505026,dataset/clean_cropped/NN1/046_n002622_Esperanza_Spalding/0007.jpg,dataset/attacks/NN1/error_specific/pgd/random/eps_0_010/046_n002622_Esperanza_Spalding/0007.jpg
46,"""Esperanza_Spalding""",6317,2451,0.003571776207536459,dataset/clean_cropped/NN1/046_n002622_Esperanza_Spalding/0008.jpg,dataset/attacks/NN1/error_specific/pgd/random/eps_0_010/046_n002622_Esperanza_Spalding/0008.jpg
47,"""Pete_Rose""",6072,6444,0.03892393410205841,dataset/clean_cropped/NN1/047_n006935_Pete_Rose/0000.jpg,dataset/attacks/NN1/error_specific/pgd/random/eps_0_010/047_n006935_Pete_Rose/0000.jpg
47,"""Pete_Rose""",747,6444,0.003705214476212859,dataset/clean_cropped/NN1/047_n006935_Pete_Rose/0002.jpg,dataset/attacks/NN1/error_specific/pgd/random/eps_0_010/047_n006935_Pete_Rose/0002.jpg
47,"""Pete_Rose""",5316,6444,0.009529255330562592,dataset/clean_cropped/NN1/047_n006935_Pete_Rose/0003.jpg,dataset/attacks/NN1/error_specific/pgd/random/eps_0_010/047_n006935_Pete_Rose/0003.jpg
47,"""Pete_Rose""",4618,6444,0.0004031797288917005,dataset/clean_cropped/NN1/047_n006935_Pete_Rose/0005.jpg,dataset/attacks/NN1/error_specific/pgd/random/eps_0_010/047_n006935_Pete_Rose/0005.jpg
48,"""Quade_Cooper""",1874,6594,0.059702981263399124,dataset/clean_cropped/NN1/048_n007093_Quade_Cooper/0000.jpg,dataset/attacks/NN1/error_specific/pgd/random/eps_0_010/048_n007093_Quade_Cooper/0000.jpg
48,"""Quade_Cooper""",5309,6594,0.004115332383662462,dataset/clean_cropped/NN1/048_n007093_Quade_Cooper/0003.jpg,dataset/attacks/NN1/error_specific/pgd/random/eps_0_010/048_n007093_Quade_Cooper/0003.jpg
49,"""Kulraj_Randhawa""",1854,4579,0.019534340128302574,dataset/clean_cropped/NN1/049_n004926_Kulraj_Randhawa/0006.jpg,dataset/attacks/NN1/error_specific/pgd/random/eps_0_010/049_n004926_Kulraj_Randhawa/0006.jpg
49,"""Kulraj_Randhawa""",8462,4579,0.01522106397897005,dataset/clean_cropped/NN1/049_n004926_Kulraj_Randhawa/0009.jpg,dataset/attacks/NN1/error_specific/pgd/random/eps_0_010/049_n004926_Kulraj_Randhawa/0009.jpg
50,"""Riya_Sen""",3718,6873,0.008167799562215805,dataset/clean_cropped/NN1/050_n007393_Riya_Sen/0008.jpg,dataset/attacks/NN1/error_specific/pgd/random/eps_0_010/050_n007393_Riya_Sen/0008.jpg
51,"""Ed_Rendell""",3802,2193,0.002857902320101857,dataset/clean_cropped/NN1/051_n002342_Ed_Rendell/0000.jpg,dataset/attacks/NN1/error_specific/pgd/random/eps_0_010/051_n002342_Ed_Rendell/0000.jpg
51,"""Ed_Rendell""",5707,2193,0.030549107119441032,dataset/clean_cropped/NN1/051_n002342_Ed_Rendell/0003.jpg,dataset/attacks/NN1/error_specific/pgd/random/eps_0_010/051_n002342_Ed_Rendell/0003.jpg
51,"""Ed_Rendell""",6166,2193,0.0800337865948677,dataset/clean_cropped/NN1/051_n002342_Ed_Rendell/0006.jpg,dataset/attacks/NN1/error_specific/pgd/random/eps_0_010/051_n002342_Ed_Rendell/0006.jpg
51,"""Ed_Rendell""",5420,2193,0.0001577382063260302,dataset/clean_cropped/NN1/051_n002342_Ed_Rendell/0009.jpg,dataset/attacks/NN1/error_specific/pgd/random/eps_0_010/051_n002342_Ed_Rendell/0009.jpg
52,"""Demetrio_Albertini""",26,1988,0.010285863652825356,dataset/clean_cropped/NN1/052_n002119_Demetrio_Albertini/0007.jpg,dataset/attacks/NN1/error_specific/pgd/random/eps_0_010/052_n002119_Demetrio_Albertini/0007.jpg
52,"""Demetrio_Albertini""",1049,1988,0.0019859392195940018,dataset/clean_cropped/NN1/052_n002119_Demetrio_Albertini/0008.jpg,dataset/attacks/NN1/error_specific/pgd/random/eps_0_010/052_n002119_Demetrio_Albertini/0008.jpg
52,"""Demetrio_Albertini""",3093,1988,0.04263503849506378,dataset/clean_cropped/NN1/052_n002119_Demetrio_Albertini/0009.jpg,dataset/attacks/NN1/error_specific/pgd/random/eps_0_010/052_n002119_Demetrio_Albertini/0009.jpg
53,"""Danniella_Westbrook""",6775,1842,4.517130582826212e-05,dataset/clean_cropped/NN1/053_n001960_Danniella_Westbrook/0001.jpg,dataset/attacks/NN1/error_specific/pgd/random/eps_0_010/053_n001960_Danniella_Westbrook/0001.jpg
53,"""Danniella_Westbrook""",6570,1842,9.685390250524506e-05,dataset/clean_cropped/NN1/053_n001960_Danniella_Westbrook/0002.jpg,dataset/attacks/NN1/error_specific/pgd/random/eps_0_010/053_n001960_Danniella_Westbrook/0002.jpg
53,"""Danniella_Westbrook""",2831,1842,0.016348494216799736,dataset/clean_cropped/NN1/053_n001960_Danniella_Westbrook/0005.jpg,dataset/attacks/NN1/error_specific/pgd/random/eps_0_010/053_n001960_Danniella_Westbrook/0005.jpg
53,"""Danniella_Westbrook""",3935,1842,0.006897610146552324,dataset/clean_cropped/NN1/053_n001960_Danniella_Westbrook/0007.jpg,dataset/attacks/NN1/error_specific/pgd/random/eps_0_010/053_n001960_Danniella_Westbrook/0007.jpg
53,"""Danniella_Westbrook""",6402,1842,0.004689021501690149,dataset/clean_cropped/NN1/053_n001960_Danniella_Westbrook/0008.jpg,dataset/attacks/NN1/error_specific/pgd/random/eps_0_010/053_n001960_Danniella_Westbrook/0008.jpg
53,"""Danniella_Westbrook""",4837,1842,0.00014295919390860945,dataset/clean_cropped/NN1/053_n001960_Danniella_Westbrook/0009.jpg,dataset/attacks/NN1/error_specific/pgd/random/eps_0_010/053_n001960_Danniella_Westbrook/0009.jpg
54,"""Demetria_McKinney""",4106,1987,0.012364870868623257,dataset/clean_cropped/NN1/054_n002118_Demetria_McKinney/0000.jpg,dataset/attacks/NN1/error_specific/pgd/random/eps_0_010/054_n002118_Demetria_McKinney/0000.jpg
54,"""Demetria_McKinney""",1605,1987,0.00024159325403161347,dataset/clean_cropped/NN1/054_n002118_Demetria_McKinney/0002.jpg,dataset/attacks/NN1/error_specific/pgd/random/eps_0_010/054_n002118_Demetria_McKinney/0002.jpg
54,"""Demetria_McKinney""",1631,1987,0.01811785250902176,dataset/clean_cropped/NN1/054_n002118_Demetria_McKinney/0003.jpg,dataset/attacks/NN1/error_specific/pgd/random/eps_0_010/054_n002118_Demetria_McKinney/0003.jpg
54,"""Demetria_McKinney""",6029,1987,0.00290039274841547,dataset/clean_cropped/NN1/054_n002118_Demetria_McKinney/0004.jpg,dataset/attacks/NN1/error_specific/pgd/random/eps_0_010/054_n002118_Demetria_McKinney/0004.jpg
54,"""Demetria_McKinney""",8169,1987,0.02303330786526203,dataset/clean_cropped/NN1/054_n002118_Demetria_McKinney/0006.jpg,dataset/attacks/NN1/error_specific/pgd/random/eps_0_010/054_n002118_Demetria_McKinney/0006.jpg
54,"""Demetria_McKinney""",1385,1987,0.027229616418480873,dataset/clean_cropped/NN1/054_n002118_Demetria_McKinney/0009.jpg,dataset/attacks/NN1/error_specific/pgd/random/eps_0_010/054_n002118_Demetria_McKinney/0009.jpg
55,"""Geoffrey_Kondogbia""",1561,2806,0.02208065427839756,dataset/clean_cropped/NN1/055_n003011_Geoffrey_Kondogbia/0002.jpg,dataset/attacks/NN1/error_specific/pgd/random/eps_0_010/055_n003011_Geoffrey_Kondogbia/0002.jpg
55,"""Geoffrey_Kondogbia""",7,2806,0.0042586298659443855,dataset/clean_cropped/NN1/055_n003011_Geoffrey_Kondogbia/0003.jpg,dataset/attacks/NN1/error_specific/pgd/random/eps_0_010/055_n003011_Geoffrey_Kondogbia/0003.jpg
55,"""Geoffrey_Kondogbia""",1033,2806,0.00867461133748293,dataset/clean_cropped/NN1/055_n003011_Geoffrey_Kondogbia/0004.jpg,dataset/attacks/NN1/error_specific/pgd/random/eps_0_010/055_n003011_Geoffrey_Kondogbia/0004.jpg
56,"""Kevin_Streelman""",1201,4432,0.031858641654253006,dataset/clean_cropped/NN1/056_n004757_Kevin_Streelman/0000.jpg,dataset/attacks/NN1/error_specific/pgd/random/eps_0_010/056_n004757_Kevin_Streelman/0000.jpg
56,"""Kevin_Streelman""",1499,4432,0.0009803606662899256,dataset/clean_cropped/NN1/056_n004757_Kevin_Streelman/0004.jpg,dataset/attacks/NN1/error_specific/pgd/random/eps_0_010/056_n004757_Kevin_Streelman/0004.jpg
56,"""Kevin_Streelman""",455,4432,0.006076543126255274,dataset/clean_cropped/NN1/056_n004757_Kevin_Streelman/0008.jpg,dataset/attacks/NN1/error_specific/pgd/random/eps_0_010/056_n004757_Kevin_Streelman/0008.jpg
57,"""Phil_Brown""",745,6471,0.0015891040675342083,dataset/clean_cropped/NN1/057_n006963_Phil_Brown/0001.jpg,dataset/attacks/NN1/error_specific/pgd/random/eps_0_010/057_n006963_Phil_Brown/0001.jpg
57,"""Phil_Brown""",3655,6471,0.07840193808078766,dataset/clean_cropped/NN1/057_n006963_Phil_Brown/0006.jpg,dataset/attacks/NN1/error_specific/pgd/random/eps_0_010/057_n006963_Phil_Brown/0006.jpg
57,"""Phil_Brown""",2377,6471,0.020400837063789368,dataset/clean_cropped/NN1/057_n006963_Phil_Brown/0007.jpg,dataset/attacks/NN1/error_specific/pgd/random/eps_0_010/057_n006963_Phil_Brown/0007.jpg
57,"""Phil_Brown""",3793,6471,0.06589093804359436,dataset/clean_cropped/NN1/057_n006963_Phil_Brown/0008.jpg,dataset/attacks/NN1/error_specific/pgd/random/eps_0_010/057_n006963_Phil_Brown/0008.jpg
58,"""Valentina_Vezzali""",5602,8163,0.1072433739900589,dataset/clean_cropped/NN1/058_n008785_Valentina_Vezzali/0001.jpg,dataset/attacks/NN1/error_specific/pgd/random/eps_0_010/058_n008785_Valentina_Vezzali/0001.jpg
58,"""Valentina_Vezzali""",348,8163,0.004240449517965317,dataset/clean_cropped/NN1/058_n008785_Valentina_Vezzali/0004.jpg,dataset/attacks/NN1/error_specific/pgd/random/eps_0_010/058_n008785_Valentina_Vezzali/0004.jpg
58,"""Valentina_Vezzali""",6496,8163,0.12042732536792755,dataset/clean_cropped/NN1/058_n008785_Valentina_Vezzali/0005.jpg,dataset/attacks/NN1/error_specific/pgd/random/eps_0_010/058_n008785_Valentina_Vezzali/0005.jpg
58,"""Valentina_Vezzali""",5938,8163,0.0005913132335990667,dataset/clean_cropped/NN1/058_n008785_Valentina_Vezzali/0007.jpg,dataset/attacks/NN1/error_specific/pgd/random/eps_0_010/058_n008785_Valentina_Vezzali/0007.jpg
59,"""Marvin_Agustin""",4032,5325,0.03443753346800804,dataset/clean_cropped/NN1/059_n005757_Marvin_Agustin/0000.jpg,dataset/attacks/NN1/error_specific/pgd/random/eps_0_010/059_n005757_Marvin_Agustin/0000.jpg
59,"""Marvin_Agustin""",8567,5325,0.0014735742006450891,dataset/clean_cropped/NN1/059_n005757_Marvin_Agustin/0001.jpg,dataset/attacks/NN1/error_specific/pgd/random/eps_0_010/059_n005757_Marvin_Agustin/0001.jpg
59,"""Marvin_Agustin""",2805,5325,0.0011859624646604061,dataset/clean_cropped/NN1/059_n005757_Marvin_Agustin/0002.jpg,dataset/attacks/NN1/error_specific/pgd/random/eps_0_010/059_n005757_Marvin_Agustin/0002.jpg
59,"""Marvin_Agustin""",327,5325,0.0014546657912433147,dataset/clean_cropped/NN1/059_n005757_Marvin_Agustin/0003.jpg,dataset/attacks/NN1/error_specific/pgd/random/eps_0_010/059_n005757_Marvin_Agustin/0003.jpg
59,"""Marvin_Agustin""",8046,5325,0.00634813355281949,dataset/clean_cropped/NN1/059_n005757_Marvin_Agustin/0004.jpg,dataset/attacks/NN1/error_specific/pgd/random/eps_0_010/059_n005757_Marvin_Agustin/0004.jpg
59,"""Marvin_Agustin""",1990,5325,0.0898921936750412,dataset/clean_cropped/NN1/059_n005757_Marvin_Agustin/0005.jpg,dataset/attacks/NN1/error_specific/pgd/random/eps_0_010/059_n005757_Marvin_Agustin/0005.jpg
59,"""Marvin_Agustin""",357,5325,0.004253222141414881,dataset/clean_cropped/NN1/059_n005757_Marvin_Agustin/0007.jpg,dataset/attacks/NN1/error_specific/pgd/random/eps_0_010/059_n005757_Marvin_Agustin/0007.jpg
59,"""Marvin_Agustin""",8562,5325,0.14753597974777222,dataset/clean_cropped/NN1/059_n005757_Marvin_Agustin/0008.jpg,dataset/attacks/NN1/error_specific/pgd/random/eps_0_010/059_n005757_Marvin_Agustin/0008.jpg
59,"""Marvin_Agustin""",4269,5325,0.0028206848073750734,dataset/clean_cropped/NN1/059_n005757_Marvin_Agustin/0009.jpg,dataset/attacks/NN1/error_specific/pgd/random/eps_0_010/059_n005757_Marvin_Agustin/0009.jpg
60,"""Erich_Gonzales""",5116,2418,0.0002968010667245835,dataset/clean_cropped/NN1/060_n002586_Erich_Gonzales/0001.jpg,dataset/attacks/NN1/error_specific/pgd/random/eps_0_010/060_n002586_Erich_Gonzales/0001.jpg
60,"""Erich_Gonzales""",2130,2418,0.09841024875640869,dataset/clean_cropped/NN1/060_n002586_Erich_Gonzales/0009.jpg,dataset/attacks/NN1/error_specific/pgd/random/eps_0_010/060_n002586_Erich_Gonzales/0009.jpg
61,"""Iva_Frühlingová""",3445,3395,0.0012388225877657533,dataset/clean_cropped/NN1/061_n003636_Iva_Fr_hlingov/0001.jpg,dataset/attacks/NN1/error_specific/pgd/random/eps_0_010/061_n003636_Iva_Fr_hlingov/0001.jpg
61,"""Iva_Frühlingová""",4113,3395,0.0207830723375082,dataset/clean_cropped/NN1/061_n003636_Iva_Fr_hlingov/0004.jpg,dataset/attacks/NN1/error_specific/pgd/random/eps_0_010/061_n003636_Iva_Fr_hlingov/0004.jpg
61,"""Iva_Frühlingová""",2772,3395,0.007905527949333191,dataset/clean_cropped/NN1/061_n003636_Iva_Fr_hlingov/0007.jpg,dataset/attacks/NN1/error_specific/pgd/random/eps_0_010/061_n003636_Iva_Fr_hlingov/0007.jpg
62,"""Colin_Kaepernick""",1612,1675,0.0007139709778130054,dataset/clean_cropped/NN1/062_n001777_Colin_Kaepernick/0000.jpg,dataset/attacks/NN1/error_specific/pgd/random/eps_0_010/062_n001777_Colin_Kaepernick/0000.jpg
62,"""Colin_Kaepernick""",3164,1675,0.04047686979174614,dataset/clean_cropped/NN1/062_n001777_Colin_Kaepernick/0001.jpg,dataset/attacks/NN1/error_specific/pgd/random/eps_0_010/062_n001777_Colin_Kaepernick/0001.jpg
62,"""Colin_Kaepernick""",875,1675,0.0025478010065853596,dataset/clean_cropped/NN1/062_n001777_Colin_Kaepernick/0009.jpg,dataset/attacks/NN1/error_specific/pgd/random/eps_0_010/062_n001777_Colin_Kaepernick/0009.jpg
63,"""Harry_Judd""",5876,3126,0.0301428884267807,dataset/clean_cropped/NN1/063_n003348_Harry_Judd/0000.jpg,dataset/attacks/NN1/error_specific/pgd/random/eps_0_010/063_n003348_Harry_Judd/0000.jpg
63,"""Harry_Judd""",3183,3126,0.029446205124258995,dataset/clean_cropped/NN1/063_n003348_Harry_Judd/0007.jpg,dataset/attacks/NN1/error_specific/pgd/random/eps_0_010/063_n003348_Harry_Judd/0007.jpg
63,"""Harry_Judd""",401,3126,0.004273946397006512,dataset/clean_cropped/NN1/063_n003348_Harry_Judd/0008.jpg,dataset/attacks/NN1/error_specific/pgd/random/eps_0_010/063_n003348_Harry_Judd/0008.jpg
63,"""Harry_Judd""",870,3126,0.19040580093860626,dataset/clean_cropped/NN1/063_n003348_Harry_Judd/0009.jpg,dataset/attacks/NN1/error_specific/pgd/random/eps_0_010/063_n003348_Harry_Judd/0009.jpg
64,"""Amit_Sadh""",5799,391,0.05283711850643158,dataset/clean_cropped/NN1/064_n000412_Amit_Sadh/0004.jpg,dataset/attacks/NN1/error_specific/pgd/random/eps_0_010/064_n000412_Amit_Sadh/0004.jpg
64,"""Amit_Sadh""",7130,391,0.03892040252685547,dataset/clean_cropped/NN1/064_n000412_Amit_Sadh/0006.jpg,dataset/attacks/NN1/error_specific/pgd/random/eps_0_010/064_n000412_Amit_Sadh/0006.jpg
64,"""Amit_Sadh""",6756,391,0.015600083395838737,dataset/clean_cropped/NN1/064_n000412_Amit_Sadh/0008.jpg,dataset/attacks/NN1/error_specific/pgd/random/eps_0_010/064_n000412_Amit_Sadh/0008.jpg
64,"""Amit_Sadh""",2609,391,0.015224318020045757,dataset/clean_cropped/NN1/064_n000412_Amit_Sadh/0009.jpg,dataset/attacks/NN1/error_specific/pgd/random/eps_0_010/064_n000412_Amit_Sadh/0009.jpg
65,"""Joe_Oliver""",8449,3894,0.033411964774131775,dataset/clean_cropped/NN1/065_n004164_Joe_Oliver/0000.jpg,dataset/attacks/NN1/error_specific/pgd/random/eps_0_010/065_n004164_Joe_Oliver/0000.jpg
65,"""Joe_Oliver""",361,3894,0.06194671243429184,dataset/clean_cropped/NN1/065_n004164_Joe_Oliver/0001.jpg,dataset/attacks/NN1/error_specific/pgd/random/eps_0_010/065_n004164_Joe_Oliver/0001.jpg
65,"""Joe_Oliver""",4443,3894,0.010638588108122349,dataset/clean_cropped/NN1/065_n004164_Joe_Oliver/0003.jpg,dataset/attacks/NN1/error_specific/pgd/random/eps_0_010/065_n004164_Joe_Oliver/0003.jpg
65,"""Joe_Oliver""",4164,3894,0.0011905980063602328,dataset/clean_cropped/NN1/065_n004164_Joe_Oliver/0004.jpg,dataset/attacks/NN1/error_specific/pgd/random/eps_0_010/065_n004164_Joe_Oliver/0004.jpg
65,"""Joe_Oliver""",2852,3894,0.0002312707219971344,dataset/clean_cropped/NN1/065_n004164_Joe_Oliver/0005.jpg,dataset/attacks/NN1/error_specific/pgd/random/eps_0_010/065_n004164_Joe_Oliver/0005.jpg
65,"""Joe_Oliver""",2605,3894,0.003765820525586605,dataset/clean_cropped/NN1/065_n004164_Joe_Oliver/0009.jpg,dataset/attacks/NN1/error_specific/pgd/random/eps_0_010/065_n004164_Joe_Oliver/0009.jpg
66,"""Sümer_Tilmaç""",8519,7776,0.004006366711109877,dataset/clean_cropped/NN1/066_n008368_S_mer_Tilma/0000.jpg,dataset/attacks/NN1/error_specific/pgd/random/eps_0_010/066_n008368_S_mer_Tilma/0000.jpg
66,"""Sümer_Tilmaç""",1827,7776,0.032584913074970245,dataset/clean_cropped/NN1/066_n008368_S_mer_Tilma/0002.jpg,dataset/attacks/NN1/error_specific/pgd/random/eps_0_010/066_n008368_S_mer_Tilma/0002.jpg
66,"""Sümer_Tilmaç""",319,7776,0.0039700050838291645,dataset/clean_cropped/NN1/066_n008368_S_mer_Tilma/0005.jpg,dataset/attacks/NN1/error_specific/pgd/random/eps_0_010/066_n008368_S_mer_Tilma/0005.jpg
66,"""Sümer_Tilmaç""",396,7776,0.00030562898609787226,dataset/clean_cropped/NN1/066_n008368_S_mer_Tilma/0007.jpg,dataset/attacks/NN1/error_specific/pgd/random/eps_0_010/066_n008368_S_mer_Tilma/0007.jpg
66,"""Sümer_Tilmaç""",2978,7776,0.0013251922791823745,dataset/clean_cropped/NN1/066_n008368_S_mer_Tilma/0008.jpg,dataset/attacks/NN1/error_specific/pgd/random/eps_0_010/066_n008368_S_mer_Tilma/0008.jpg
66,"""Sümer_Tilmaç""",1188,7776,0.0009880271973088384,dataset/clean_cropped/NN1/066_n008368_S_mer_Tilma/0009.jpg,dataset/attacks/NN1/error_specific/pgd/random/eps_0_010/066_n008368_S_mer_Tilma/0009.jpg
68,"""David_Choquehuanca""",3783,1902,9.432978549739346e-05,dataset/clean_cropped/NN1/068_n002026_David_Choquehuanca/0000.jpg,dataset/attacks/NN1/error_specific/pgd/random/eps_0_010/068_n002026_David_Choquehuanca/0000.jpg
68,"""David_Choquehuanca""",5280,1902,0.02938481792807579,dataset/clean_cropped/NN1/068_n002026_David_Choquehuanca/0001.jpg,dataset/attacks/NN1/error_specific/pgd/random/eps_0_010/068_n002026_David_Choquehuanca/0001.jpg
68,"""David_Choquehuanca""",614,1902,0.007152966223657131,dataset/clean_cropped/NN1/068_n002026_David_Choquehuanca/0002.jpg,dataset/attacks/NN1/error_specific/pgd/random/eps_0_010/068_n002026_David_Choquehuanca/0002.jpg
68,"""David_Choquehuanca""",2482,1902,0.005620472598820925,dataset/clean_cropped/NN1/068_n002026_David_Choquehuanca/0003.jpg,dataset/attacks/NN1/error_specific/pgd/random/eps_0_010/068_n002026_David_Choquehuanca/0003.jpg
68,"""David_Choquehuanca""",7202,1902,0.0067245978862047195,dataset/clean_cropped/NN1/068_n002026_David_Choquehuanca/0004.jpg,dataset/attacks/NN1/error_specific/pgd/random/eps_0_010/068_n002026_David_Choquehuanca/0004.jpg
68,"""David_Choquehuanca""",130,1902,1.0178797310800292e-05,dataset/clean_cropped/NN1/068_n002026_David_Choquehuanca/0006.jpg,dataset/attacks/NN1/error_specific/pgd/random/eps_0_010/068_n002026_David_Choquehuanca/0006.jpg
68,"""David_Choquehuanca""",988,1902,0.0015615065349265933,dataset/clean_cropped/NN1/068_n002026_David_Choquehuanca/0007.jpg,dataset/attacks/NN1/error_specific/pgd/random/eps_0_010/068_n002026_David_Choquehuanca/0007.jpg
69,"""Marc_Pircher""",6155,5111,0.001597780268639326,dataset/clean_cropped/NN1/069_n005512_Marc_Pircher/0000.jpg,dataset/attacks/NN1/error_specific/pgd/random/eps_0_010/069_n005512_Marc_Pircher/0000.jpg
70,"""Ismael_Blanco""",3603,3389,0.03249276801943779,dataset/clean_cropped/NN1/070_n003629_Ismael_Blanco/0000.jpg,dataset/attacks/NN1/error_specific/pgd/random/eps_0_010/070_n003629_Ismael_Blanco/0000.jpg
70,"""Ismael_Blanco""",8244,3389,0.001999160274863243,dataset/clean_cropped/NN1/070_n003629_Ismael_Blanco/0002.jpg,dataset/attacks/NN1/error_specific/pgd/random/eps_0_010/070_n003629_Ismael_Blanco/0002.jpg
71,"""Germaine_Greer""",1384,2845,0.030858607962727547,dataset/clean_cropped/NN1/071_n003050_Germaine_Greer/0000.jpg,dataset/attacks/NN1/error_specific/pgd/random/eps_0_010/071_n003050_Germaine_Greer/0000.jpg
71,"""Germaine_Greer""",1315,2845,0.02610553801059723,dataset/clean_cropped/NN1/071_n003050_Germaine_Greer/0001.jpg,dataset/attacks/NN1/error_specific/pgd/random/eps_0_010/071_n003050_Germaine_Greer/0001.jpg
71,"""Germaine_Greer""",5408,2845,0.00020255988056305796,dataset/clean_cropped/NN1/071_n003050_Germaine_Greer/0003.jpg,dataset/attacks/NN1/error_specific/pgd/random/eps_0_010/071_n003050_Germaine_Greer/0003.jpg
71,"""Germaine_Greer""",3996,2845,0.0006366731249727309,dataset/clean_cropped/NN1/071_n003050_Germaine_Greer/0004.jpg,dataset/attacks/NN1/error_specific/pgd/random/eps_0_010/071_n003050_Germaine_Greer/0004.jpg
71,"""Germaine_Greer""",2151,2845,0.02900034189224243,dataset/clean_cropped/NN1/071_n003050_Germaine_Greer/0005.jpg,dataset/attacks/NN1/error_specific/pgd/random/eps_0_010/071_n003050_Germaine_Greer/0005.jpg
71,"""Germaine_Greer""",6009,2845,0.00372690730728209,dataset/clean_cropped/NN1/071_n003050_Germaine_Greer/0008.jpg,dataset/attacks/NN1/error_specific/pgd/random/eps_0_010/071_n003050_Germaine_Greer/0008.jpg
72,"""Lenny_Hayes""",7189,4756,0.002431823406368494,dataset/clean_cropped/NN1/072_n005111_Lenny_Hayes/0006.jpg,dataset/attacks/NN1/error_specific/pgd/random/eps_0_010/072_n005111_Lenny_Hayes/0006.jpg
72,"""Lenny_Hayes""",6447,4756,0.036732371896505356,dataset/clean_cropped/NN1/072_n005111_Lenny_Hayes/0008.jpg,dataset/attacks/NN1/error_specific/pgd/random/eps_0_010/072_n005111_Lenny_Hayes/0008.jpg
73,"""Jamie_Soward""",1066,3540,0.017681840807199478,dataset/clean_cropped/NN1/073_n003790_Jamie_Soward/0001.jpg,dataset/attacks/NN1/error_specific/pgd/random/eps_0_010/073_n003790_Jamie_Soward/0001.jpg
73,"""Jamie_Soward""",7568,3540,0.0015855784295126796,dataset/clean_cropped/NN1/073_n003790_Jamie_Soward/0002.jpg,dataset/attacks/NN1/error_specific/pgd/random/eps_0_010/073_n003790_Jamie_Soward/0002.jpg
73,"""Jamie_Soward""",6743,3540,0.018184375017881393,dataset/clean_cropped/NN1/073_n003790_Jamie_Soward/0003.jpg,dataset/attacks/NN1/error_specific/pgd/random/eps_0_010/073_n003790_Jamie_Soward/0003.jpg
74,"""Adam_Darski""",5472,44,0.006034906022250652,dataset/clean_cropped/NN1/074_n000049_Adam_Darski/0002.jpg,dataset/attacks/NN1/error_specific/pgd/random/eps_0_010/074_n000049_Adam_Darski/0002.jpg
74,"""Adam_Darski""",6848,44,0.01892172172665596,dataset/clean_cropped/NN1/074_n000049_Adam_Darski/0003.jpg,dataset/attacks/NN1/error_specific/pgd/random/eps_0_010/074_n000049_Adam_Darski/0003.jpg
74,"""Adam_Darski""",3813,44,0.0012145100627094507,dataset/clean_cropped/NN1/074_n000049_Adam_Darski/0005.jpg,dataset/attacks/NN1/error_specific/pgd/random/eps_0_010/074_n000049_Adam_Darski/0005.jpg
74,"""Adam_Darski""",6317,44,0.018119264394044876,dataset/clean_cropped/NN1/074_n000049_Adam_Darski/0006.jpg,dataset/attacks/NN1/error_specific/pgd/random/eps_0_010/074_n000049_Adam_Darski/0006.jpg
74,"""Adam_Darski""",8313,44,0.010127495042979717,dataset/clean_cropped/NN1/074_n000049_Adam_Darski/0007.jpg,dataset/attacks/NN1/error_specific/pgd/random/eps_0_010/074_n000049_Adam_Darski/0007.jpg
75,"""Martin_Schulz""",2461,5308,0.17982418835163116,dataset/clean_cropped/NN1/075_n005738_Martin_Schulz/0000.jpg,dataset/attacks/NN1/error_specific/pgd/random/eps_0_010/075_n005738_Martin_Schulz/0000.jpg
75,"""Martin_Schulz""",4965,5308,0.0594991110265255,dataset/clean_cropped/NN1/075_n005738_Martin_Schulz/0001.jpg,dataset/attacks/NN1/error_specific/pgd/random/eps_0_010/075_n005738_Martin_Schulz/0001.jpg
75,"""Martin_Schulz""",5765,5308,0.004505486227571964,dataset/clean_cropped/NN1/075_n005738_Martin_Schulz/0002.jpg,dataset/attacks/NN1/error_specific/pgd/random/eps_0_010/075_n005738_Martin_Schulz/0002.jpg
75,"""Martin_Schulz""",7812,5308,0.04261965677142143,dataset/clean_cropped/NN1/075_n005738_Martin_Schulz/0004.jpg,dataset/attacks/NN1/error_specific/pgd/random/eps_0_010/075_n005738_Martin_Schulz/0004.jpg
75,"""Martin_Schulz""",6746,5308,0.002006461611017585,dataset/clean_cropped/NN1/075_n005738_Martin_Schulz/0005.jpg,dataset/attacks/NN1/error_specific/pgd/random/eps_0_010/075_n005738_Martin_Schulz/0005.jpg
75,"""Martin_Schulz""",4035,5308,0.0006365291774272919,dataset/clean_cropped/NN1/075_n005738_Martin_Schulz/0006.jpg,dataset/attacks/NN1/error_specific/pgd/random/eps_0_010/075_n005738_Martin_Schulz/0006.jpg
75,"""Martin_Schulz""",3427,5308,0.00019056478049606085,dataset/clean_cropped/NN1/075_n005738_Martin_Schulz/0007.jpg,dataset/attacks/NN1/error_specific/pgd/random/eps_0_010/075_n005738_Martin_Schulz/0007.jpg
75,"""Martin_Schulz""",6316,5308,0.00031504753860644996,dataset/clean_cropped/NN1/075_n005738_Martin_Schulz/0008.jpg,dataset/attacks/NN1/error_specific/pgd/random/eps_0_010/075_n005738_Martin_Schulz/0008.jpg
76,"""Mamta_Kulkarni""",2717,5068,0.00798573438078165,dataset/clean_cropped/NN1/076_n005466_Mamta_Kulkarni/0001.jpg,dataset/attacks/NN1/error_specific/pgd/random/eps_0_010/076_n005466_Mamta_Kulkarni/0001.jpg
76,"""Mamta_Kulkarni""",2955,5068,0.036307867616415024,dataset/clean_cropped/NN1/076_n005466_Mamta_Kulkarni/0003.jpg,dataset/attacks/NN1/error_specific/pgd/random/eps_0_010/076_n005466_Mamta_Kulkarni/0003.jpg
77,"""Jennifer_Hawkins""",632,3719,0.000628080393653363,dataset/clean_cropped/NN1/077_n003977_Jennifer_Hawkins/0000.jpg,dataset/attacks/NN1/error_specific/pgd/random/eps_0_010/077_n003977_Jennifer_Hawkins/0000.jpg
77,"""Jennifer_Hawkins""",1537,3719,0.011232532560825348,dataset/clean_cropped/NN1/077_n003977_Jennifer_Hawkins/0002.jpg,dataset/attacks/NN1/error_specific/pgd/random/eps_0_010/077_n003977_Jennifer_Hawkins/0002.jpg
77,"""Jennifer_Hawkins""",1006,3719,0.0006891224766150117,dataset/clean_cropped/NN1/077_n003977_Jennifer_Hawkins/0006.jpg,dataset/attacks/NN1/error_specific/pgd/random/eps_0_010/077_n003977_Jennifer_Hawkins/0006.jpg
78,"""Leymah_Gbowee""",1189,4787,0.0047708540223538876,dataset/clean_cropped/NN1/078_n005152_Leymah_Gbowee/0000.jpg,dataset/attacks/NN1/error_specific/pgd/random/eps_0_010/078_n005152_Leymah_Gbowee/0000.jpg
78,"""Leymah_Gbowee""",6306,4787,0.004845034796744585,dataset/clean_cropped/NN1/078_n005152_Leymah_Gbowee/0001.jpg,dataset/attacks/NN1/error_specific/pgd/random/eps_0_010/078_n005152_Leymah_Gbowee/0001.jpg
78,"""Leymah_Gbowee""",3807,4787,0.001089970231987536,dataset/clean_cropped/NN1/078_n005152_Leymah_Gbowee/0002.jpg,dataset/attacks/NN1/error_specific/pgd/random/eps_0_010/078_n005152_Leymah_Gbowee/0002.jpg
78,"""Leymah_Gbowee""",7613,4787,0.011858475394546986,dataset/clean_cropped/NN1/078_n005152_Leymah_Gbowee/0003.jpg,dataset/attacks/NN1/error_specific/pgd/random/eps_0_010/078_n005152_Leymah_Gbowee/0003.jpg
78,"""Leymah_Gbowee""",2074,4787,8.456768409814686e-05,dataset/clean_cropped/NN1/078_n005152_Leymah_Gbowee/0004.jpg,dataset/attacks/NN1/error_specific/pgd/random/eps_0_010/078_n005152_Leymah_Gbowee/0004.jpg
78,"""Leymah_Gbowee""",3216,4787,0.00151931238360703,dataset/clean_cropped/NN1/078_n005152_Leymah_Gbowee/0005.jpg,dataset/attacks/NN1/error_specific/pgd/random/eps_0_010/078_n005152_Leymah_Gbowee/0005.jpg
78,"""Leymah_Gbowee""",6695,4787,3.0785053240833804e-05,dataset/clean_cropped/NN1/078_n005152_Leymah_Gbowee/0006.jpg,dataset/attacks/NN1/error_specific/pgd/random/eps_0_010/078_n005152_Leymah_Gbowee/0006.jpg
78,"""Leymah_Gbowee""",4616,4787,0.0002740775526035577,dataset/clean_cropped/NN1/078_n005152_Leymah_Gbowee/0007.jpg,dataset/attacks/NN1/error_specific/pgd/random/eps_0_010/078_n005152_Leymah_Gbowee/0007.jpg
78,"""Leymah_Gbowee""",1731,4787,0.0024754758924245834,dataset/clean_cropped/NN1/078_n005152_Leymah_Gbowee/0009.jpg,dataset/attacks/NN1/error_specific/pgd/random/eps_0_010/078_n005152_Leymah_Gbowee/0009.jpg
79,"""Nino_Frassica""",4945,6102,0.001040948904119432,dataset/clean_cropped/NN1/079_n006578_Nino_Frassica/0000.jpg,dataset/attacks/NN1/error_specific/pgd/random/eps_0_010/079_n006578_Nino_Frassica/0000.jpg
79,"""Nino_Frassica""",1351,6102,0.018608486279845238,dataset/clean_cropped/NN1/079_n006578_Nino_Frassica/0001.jpg,dataset/attacks/NN1/error_specific/pgd/random/eps_0_010/079_n006578_Nino_Frassica/0001.jpg
79,"""Nino_Frassica""",2854,6102,0.016449477523565292,dataset/clean_cropped/NN1/079_n006578_Nino_Frassica/0002.jpg,dataset/attacks/NN1/error_specific/pgd/random/eps_0_010/079_n006578_Nino_Frassica/0002.jpg
79,"""Nino_Frassica""",3971,6102,0.0015477846609428525,dataset/clean_cropped/NN1/079_n006578_Nino_Frassica/0005.jpg,dataset/attacks/NN1/error_specific/pgd/random/eps_0_010/079_n006578_Nino_Frassica/0005.jpg
79,"""Nino_Frassica""",3998,6102,0.003104008035734296,dataset/clean_cropped/NN1/079_n006578_Nino_Frassica/0007.jpg,dataset/attacks/NN1/error_specific/pgd/random/eps_0_010/079_n006578_Nino_Frassica/0007.jpg
79,"""Nino_Frassica""",408,6102,0.03611075505614281,dataset/clean_cropped/NN1/079_n006578_Nino_Frassica/0008.jpg,dataset/attacks/NN1/error_specific/pgd/random/eps_0_010/079_n006578_Nino_Frassica/0008.jpg
79,"""Nino_Frassica""",1812,6102,0.0003186004760209471,dataset/clean_cropped/NN1/079_n006578_Nino_Frassica/0009.jpg,dataset/attacks/NN1/error_specific/pgd/random/eps_0_010/079_n006578_Nino_Frassica/0009.jpg
80,"""Zaza_Pachulia""",8313,8523,0.030369680374860764,dataset/clean_cropped/NN1/080_n009163_Zaza_Pachulia/0002.jpg,dataset/attacks/NN1/error_specific/pgd/random/eps_0_010/080_n009163_Zaza_Pachulia/0002.jpg
80,"""Zaza_Pachulia""",4404,8523,0.02242552861571312,dataset/clean_cropped/NN1/080_n009163_Zaza_Pachulia/0003.jpg,dataset/attacks/NN1/error_specific/pgd/random/eps_0_010/080_n009163_Zaza_Pachulia/0003.jpg
80,"""Zaza_Pachulia""",6421,8523,0.002953761490061879,dataset/clean_cropped/NN1/080_n009163_Zaza_Pachulia/0004.jpg,dataset/attacks/NN1/error_specific/pgd/random/eps_0_010/080_n009163_Zaza_Pachulia/0004.jpg
80,"""Zaza_Pachulia""",5315,8523,0.009451027028262615,dataset/clean_cropped/NN1/080_n009163_Zaza_Pachulia/0006.jpg,dataset/attacks/NN1/error_specific/pgd/random/eps_0_010/080_n009163_Zaza_Pachulia/0006.jpg
80,"""Zaza_Pachulia""",2181,8523,0.006594609469175339,dataset/clean_cropped/NN1/080_n009163_Zaza_Pachulia/0007.jpg,dataset/attacks/NN1/error_specific/pgd/random/eps_0_010/080_n009163_Zaza_Pachulia/0007.jpg
80,"""Zaza_Pachulia""",7895,8523,0.0014199160505086184,dataset/clean_cropped/NN1/080_n009163_Zaza_Pachulia/0009.jpg,dataset/attacks/NN1/error_specific/pgd/random/eps_0_010/080_n009163_Zaza_Pachulia/0009.jpg
81,"""Martin_Harnik""",3731,5301,0.05069801211357117,dataset/clean_cropped/NN1/081_n005731_Martin_Harnik/0000.jpg,dataset/attacks/NN1/error_specific/pgd/random/eps_0_010/081_n005731_Martin_Harnik/0000.jpg
81,"""Martin_Harnik""",4121,5301,0.030377931892871857,dataset/clean_cropped/NN1/081_n005731_Martin_Harnik/0002.jpg,dataset/attacks/NN1/error_specific/pgd/random/eps_0_010/081_n005731_Martin_Harnik/0002.jpg
81,"""Martin_Harnik""",8139,5301,0.005305989179760218,dataset/clean_cropped/NN1/081_n005731_Martin_Harnik/0006.jpg,dataset/attacks/NN1/error_specific/pgd/random/eps_0_010/081_n005731_Martin_Harnik/0006.jpg
82,"""Lee_Chung-yong""",7238,4714,0.005287464242428541,dataset/clean_cropped/NN1/082_n005064_Lee_Chung-yong/0001.jpg,dataset/attacks/NN1/error_specific/pgd/random/eps_0_010/082_n005064_Lee_Chung-yong/0001.jpg
82,"""Lee_Chung-yong""",7320,4714,7.61362525736331e-06,dataset/clean_cropped/NN1/082_n005064_Lee_Chung-yong/0007.jpg,dataset/attacks/NN1/error_specific/pgd/random/eps_0_010/082_n005064_Lee_Chung-yong/0007.jpg
82,"""Lee_Chung-yong""",8479,4714,0.008544416166841984,dataset/clean_cropped/NN1/082_n005064_Lee_Chung-yong/0009.jpg,dataset/attacks/NN1/error_specific/pgd/random/eps_0_010/082_n005064_Lee_Chung-yong/0009.jpg
83,"""Ilkka_Kanerva""",2749,3321,0.013850586488842964,dataset/clean_cropped/NN1/083_n003556_Ilkka_Kanerva/0002.jpg,dataset/attacks/NN1/error_specific/pgd/random/eps_0_010/083_n003556_Ilkka_Kanerva/0002.jpg
83,"""Ilkka_Kanerva""",3331,3321,0.00034156665788032115,dataset/clean_cropped/NN1/083_n003556_Ilkka_Kanerva/0007.jpg,dataset/attacks/NN1/error_specific/pgd/random/eps_0_010/083_n003556_Ilkka_Kanerva/0007.jpg
84,"""No_Min-woo""",6897,6113,0.0006084258784539998,dataset/clean_cropped/NN1/084_n006590_No_Min-woo/0001.jpg,dataset/attacks/NN1/error_specific/pgd/random/eps_0_010/084_n006590_No_Min-woo/0001.jpg
84,"""No_Min-woo""",1817,6113,0.0018460012506693602,dataset/clean_cropped/NN1/084_n006590_No_Min-woo/0008.jpg,dataset/attacks/NN1/error_specific/pgd/random/eps_0_010/084_n006590_No_Min-woo/0008.jpg
85,"""Phil_Taylor""",5756,6483,0.005413188599050045,dataset/clean_cropped/NN1/085_n006976_Phil_Taylor/0000.jpg,dataset/attacks/NN1/error_specific/pgd/random/eps_0_010/085_n006976_Phil_Taylor/0000.jpg
86,"""Charles_Tillman""",4894,1434,0.021485891193151474,dataset/clean_cropped/NN1/086_n001526_Charles_Tillman/0002.jpg,dataset/attacks/NN1/error_specific/pgd/random/eps_0_010/086_n001526_Charles_Tillman/0002.jpg
86,"""Charles_Tillman""",7069,1434,0.007799170445650816,dataset/clean_cropped/NN1/086_n001526_Charles_Tillman/0006.jpg,dataset/attacks/NN1/error_specific/pgd/random/eps_0_010/086_n001526_Charles_Tillman/0006.jpg
86,"""Charles_Tillman""",7150,1434,0.0007960109505802393,dataset/clean_cropped/NN1/086_n001526_Charles_Tillman/0008.jpg,dataset/attacks/NN1/error_specific/pgd/random/eps_0_010/086_n001526_Charles_Tillman/0008.jpg
86,"""Charles_Tillman""",772,1434,0.007229228969663382,dataset/clean_cropped/NN1/086_n001526_Charles_Tillman/0009.jpg,dataset/attacks/NN1/error_specific/pgd/random/eps_0_010/086_n001526_Charles_Tillman/0009.jpg
87,"""Ryan_Merriman""",996,7111,0.007139856927096844,dataset/clean_cropped/NN1/087_n007644_Ryan_Merriman/0001.jpg,dataset/attacks/NN1/error_specific/pgd/random/eps_0_010/087_n007644_Ryan_Merriman/0001.jpg
87,"""Ryan_Merriman""",611,7111,0.0303031075745821,dataset/clean_cropped/NN1/087_n007644_Ryan_Merriman/0003.jpg,dataset/attacks/NN1/error_specific/pgd/random/eps_0_010/087_n007644_Ryan_Merriman/0003.jpg
87,"""Ryan_Merriman""",1216,7111,0.0009361374541185796,dataset/clean_cropped/NN1/087_n007644_Ryan_Merriman/0004.jpg,dataset/attacks/NN1/error_specific/pgd/random/eps_0_010/087_n007644_Ryan_Merriman/0004.jpg
87,"""Ryan_Merriman""",3573,7111,0.011824959889054298,dataset/clean_cropped/NN1/087_n007644_Ryan_Merriman/0007.jpg,dataset/attacks/NN1/error_specific/pgd/random/eps_0_010/087_n007644_Ryan_Merriman/0007.jpg
87,"""Ryan_Merriman""",1715,7111,0.03149238973855972,dataset/clean_cropped/NN1/087_n007644_Ryan_Merriman/0008.jpg,dataset/attacks/NN1/error_specific/pgd/random/eps_0_010/087_n007644_Ryan_Merriman/0008.jpg
87,"""Ryan_Merriman""",7155,7111,0.0007950009312480688,dataset/clean_cropped/NN1/087_n007644_Ryan_Merriman/0009.jpg,dataset/attacks/NN1/error_specific/pgd/random/eps_0_010/087_n007644_Ryan_Merriman/0009.jpg
88,"""Raluca_Turcan""",6809,6684,0.0069745611399412155,dataset/clean_cropped/NN1/088_n007192_Raluca_Turcan/0002.jpg,dataset/attacks/NN1/error_specific/pgd/random/eps_0_010/088_n007192_Raluca_Turcan/0002.jpg
88,"""Raluca_Turcan""",6448,6684,0.015509211458265781,dataset/clean_cropped/NN1/088_n007192_Raluca_Turcan/0003.jpg,dataset/attacks/NN1/error_specific/pgd/random/eps_0_010/088_n007192_Raluca_Turcan/0003.jpg
88,"""Raluca_Turcan""",20,6684,0.0012234244495630264,dataset/clean_cropped/NN1/088_n007192_Raluca_Turcan/0004.jpg,dataset/attacks/NN1/error_specific/pgd/random/eps_0_010/088_n007192_Raluca_Turcan/0004.jpg
88,"""Raluca_Turcan""",5382,6684,0.0075530135072767735,dataset/clean_cropped/NN1/088_n007192_Raluca_Turcan/0006.jpg,dataset/attacks/NN1/error_specific/pgd/random/eps_0_010/088_n007192_Raluca_Turcan/0006.jpg
89,"""Jake_Owen""",7527,3482,0.030358105897903442,dataset/clean_cropped/NN1/089_n003729_Jake_Owen/0003.jpg,dataset/attacks/NN1/error_specific/pgd/random/eps_0_010/089_n003729_Jake_Owen/0003.jpg
89,"""Jake_Owen""",405,3482,0.0004962438251823187,dataset/clean_cropped/NN1/089_n003729_Jake_Owen/0007.jpg,dataset/attacks/NN1/error_specific/pgd/random/eps_0_010/089_n003729_Jake_Owen/0007.jpg
89,"""Jake_Owen""",8389,3482,0.010414273478090763,dataset/clean_cropped/NN1/089_n003729_Jake_Owen/0008.jpg,dataset/attacks/NN1/error_specific/pgd/random/eps_0_010/089_n003729_Jake_Owen/0008.jpg
90,"""Gia_Carides""",6782,2856,0.0071633001789450645,dataset/clean_cropped/NN1/090_n003061_Gia_Carides/0001.jpg,dataset/attacks/NN1/error_specific/pgd/random/eps_0_010/090_n003061_Gia_Carides/0001.jpg
90,"""Gia_Carides""",247,2856,0.003974473103880882,dataset/clean_cropped/NN1/090_n003061_Gia_Carides/0002.jpg,dataset/attacks/NN1/error_specific/pgd/random/eps_0_010/090_n003061_Gia_Carides/0002.jpg
90,"""Gia_Carides""",4000,2856,0.026889856904745102,dataset/clean_cropped/NN1/090_n003061_Gia_Carides/0003.jpg,dataset/attacks/NN1/error_specific/pgd/random/eps_0_010/090_n003061_Gia_Carides/0003.jpg
90,"""Gia_Carides""",5809,2856,0.048486001789569855,dataset/clean_cropped/NN1/090_n003061_Gia_Carides/0005.jpg,dataset/attacks/NN1/error_specific/pgd/random/eps_0_010/090_n003061_Gia_Carides/0005.jpg
90,"""Gia_Carides""",6776,2856,0.024654503911733627,dataset/clean_cropped/NN1/090_n003061_Gia_Carides/0006.jpg,dataset/attacks/NN1/error_specific/pgd/random/eps_0_010/090_n003061_Gia_Carides/0006.jpg
90,"""Gia_Carides""",4062,2856,0.004401263780891895,dataset/clean_cropped/NN1/090_n003061_Gia_Carides/0009.jpg,dataset/attacks/NN1/error_specific/pgd/random/eps_0_010/090_n003061_Gia_Carides/0009.jpg
92,"""Joo_Sang-wook""",4456,4008,0.030249517410993576,dataset/clean_cropped/NN1/092_n004290_Joo_Sang-wook/0002.jpg,dataset/attacks/NN1/error_specific/pgd/random/eps_0_010/092_n004290_Joo_Sang-wook/0002.jpg
93,"""Dolores_Chaplin""",3423,2108,0.020145392045378685,dataset/clean_cropped/NN1/093_n002247_Dolores_Chaplin/0000.jpg,dataset/attacks/NN1/error_specific/pgd/random/eps_0_010/093_n002247_Dolores_Chaplin/0000.jpg
93,"""Dolores_Chaplin""",3888,2108,0.005527194123715162,dataset/clean_cropped/NN1/093_n002247_Dolores_Chaplin/0003.jpg,dataset/attacks/NN1/error_specific/pgd/random/eps_0_010/093_n002247_Dolores_Chaplin/0003.jpg
93,"""Dolores_Chaplin""",6548,2108,0.08776841312646866,dataset/clean_cropped/NN1/093_n002247_Dolores_Chaplin/0009.jpg,dataset/attacks/NN1/error_specific/pgd/random/eps_0_010/093_n002247_Dolores_Chaplin/0009.jpg
94,"""Tia_Mowry""",3762,7941,0.0025065105874091387,dataset/clean_cropped/NN1/094_n008545_Tia_Mowry/0002.jpg,dataset/attacks/NN1/error_specific/pgd/random/eps_0_010/094_n008545_Tia_Mowry/0002.jpg
94,"""Tia_Mowry""",4910,7941,0.0018782601691782475,dataset/clean_cropped/NN1/094_n008545_Tia_Mowry/0003.jpg,dataset/attacks/NN1/error_specific/pgd/random/eps_0_010/094_n008545_Tia_Mowry/0003.jpg
94,"""Tia_Mowry""",1991,7941,0.0008427099091932178,dataset/clean_cropped/NN1/094_n008545_Tia_Mowry/0004.jpg,dataset/attacks/NN1/error_specific/pgd/random/eps_0_010/094_n008545_Tia_Mowry/0004.jpg
95,"""Anna_Loos""",6862,600,0.0007780817104503512,dataset/clean_cropped/NN1/095_n000629_Anna_Loos/0001.jpg,dataset/attacks/NN1/error_specific/pgd/random/eps_0_010/095_n000629_Anna_Loos/0001.jpg
95,"""Anna_Loos""",2202,600,0.010240083560347557,dataset/clean_cropped/NN1/095_n000629_Anna_Loos/0006.jpg,dataset/attacks/NN1/error_specific/pgd/random/eps_0_010/095_n000629_Anna_Loos/0006.jpg
96,"""Fiona_Apple""",6931,2615,0.01670483872294426,dataset/clean_cropped/NN1/096_n002804_Fiona_Apple/0003.jpg,dataset/attacks/NN1/error_specific/pgd/random/eps_0_010/096_n002804_Fiona_Apple/0003.jpg
96,"""Fiona_Apple""",8319,2615,0.0058741699904203415,dataset/clean_cropped/NN1/096_n002804_Fiona_Apple/0004.jpg,dataset/attacks/NN1/error_specific/pgd/random/eps_0_010/096_n002804_Fiona_Apple/0004.jpg
96,"""Fiona_Apple""",5948,2615,0.01335056684911251,dataset/clean_cropped/NN1/096_n002804_Fiona_Apple/0005.jpg,dataset/attacks/NN1/error_specific/pgd/random/eps_0_010/096_n002804_Fiona_Apple/0005.jpg
96,"""Fiona_Apple""",237,2615,0.0001044064702000469,dataset/clean_cropped/NN1/096_n002804_Fiona_Apple/0007.jpg,dataset/attacks/NN1/error_specific/pgd/random/eps_0_010/096_n002804_Fiona_Apple/0007.jpg
97,"""Lene_Marlin""",4865,4752,0.0017400390934199095,dataset/clean_cropped/NN1/097_n005107_Lene_Marlin/0004.jpg,dataset/attacks/NN1/error_specific/pgd/random/eps_0_010/097_n005107_Lene_Marlin/0004.jpg
98,"""Kasper_Hjulmand""",2501,4300,0.0008220927556976676,dataset/clean_cropped/NN1/098_n004607_Kasper_Hjulmand/0009.jpg,dataset/attacks/NN1/error_specific/pgd/random/eps_0_010/098_n004607_Kasper_Hjulmand/0009.jpg
99,"""Alicia_Vikander""",6519,315,0.018375419080257416,dataset/clean_cropped/NN1/099_n000332_Alicia_Vikander/0000.jpg,dataset/attacks/NN1/error_specific/pgd/random/eps_0_010/099_n000332_Alicia_Vikander/0000.jpg
99,"""Alicia_Vikander""",3102,315,0.0664098784327507,dataset/clean_cropped/NN1/099_n000332_Alicia_Vikander/0002.jpg,dataset/attacks/NN1/error_specific/pgd/random/eps_0_010/099_n000332_Alicia_Vikander/0002.jpg
